store_key,product_key,date_key,total_sales,total_orders,total_quantity
1,4,1,2319.99,1,1
1,8,1,3347.98,1,2
1,10,1,2943.1,1,2
1,16,1,1139.98,1,2
1,20,1,479.99,1,1
1,2,3,1349.98,1,2
1,7,5,7199.98,1,2
1,4,6,5219.98,1,2
1,11,6,1596.94,1,1
1,6,9,437.09,1,1
1,5,12,1188.89,1,1
1,8,12,3113.98,2,2
1,13,12,502.18,1,2
1,14,12,251.09,1,1
1,20,12,959.98,1,2
1,21,12,256.49,1,1
1,23,12,269.99,1,1
1,2,14,1199.98,1,2
1,7,14,3599.99,1,1
1,9,14,12989.95,3,5
1,10,14,4321.71,2,3
1,22,14,256.49,1,1
1,25,14,949.98,1,2
1,4,16,5509.98,1,2
1,13,16,215.99,1,1
1,15,16,847.98,1,2
1,22,16,256.49,1,1
1,23,16,539.98,1,2
1,8,21,3347.98,1,2
1,12,21,1022.98,1,2
1,25,21,899.98,1,2
1,3,23,1599.98,1,2
1,5,23,1254.94,1,1
1,9,23,2789.99,1,1
1,8,27,2879.98,1,2
1,17,27,343.2,1,1
1,25,34,464.99,1,1
1,4,37,2609.99,1,1
1,14,37,512.98,1,2
1,15,37,492.89,1,1
1,22,37,215.99,1,1
1,8,38,3239.98,1,2
1,14,38,251.09,1,1
1,22,38,485.98,1,2
1,13,41,502.18,1,2
1,17,41,386.1,1,1
1,12,43,522.49,1,1
1,13,43,485.98,1,2
1,17,43,797.94,1,2
1,20,47,557.99,1,1
1,24,47,989.98,1,2
1,25,47,399.99,1,1
1,26,47,479.99,1,1
1,6,48,422.99,1,1
1,9,48,5399.98,1,2
1,17,48,815.1,1,2
1,25,48,929.98,1,2
1,3,50,1899.98,1,2
1,20,50,479.99,1,1
1,11,56,1512.89,1,1
1,13,56,502.18,1,2
1,15,56,985.78,1,2
1,25,56,474.99,1,1
1,2,57,599.99,1,1
1,10,57,2881.14,1,2
1,17,57,407.55,1,1
1,21,57,242.99,1,1
1,22,57,502.18,1,2
1,4,58,2319.99,1,1
1,11,58,1344.79,1,1
1,12,58,522.49,1,1
1,21,58,502.18,1,2
1,3,63,949.99,1,1
1,9,63,5399.98,1,2
1,15,63,953.98,1,2
1,17,63,398.97,1,1
1,18,63,359.2,1,1
1,13,66,485.98,1,2
1,19,66,359.2,1,1
1,3,72,1799.98,1,2
1,4,72,2696.99,1,1
1,6,72,437.09,1,1
1,18,72,417.57,1,1
1,23,72,557.98,1,2
1,4,76,2696.99,1,1
1,7,76,7599.98,1,2
1,16,76,569.99,1,1
1,2,80,1424.98,1,2
1,9,80,2699.99,1,1
1,20,80,569.99,1,1
1,11,86,3025.78,1,2
1,16,86,1079.98,1,2
1,19,86,417.57,1,1
1,2,88,697.49,1,1
1,3,88,1599.98,1,2
1,6,88,892.98,1,2
1,12,88,494.99,1,1
1,20,88,1079.98,1,2
1,3,89,799.99,1,1
1,7,89,3599.99,1,1
1,17,89,785.07,2,2
1,25,89,929.98,1,2
1,26,89,539.99,1,1
1,12,91,494.99,1,1
1,6,94,437.09,1,1
1,17,94,815.1,1,2
1,18,94,718.4,1,2
1,13,95,215.99,1,1
1,3,97,1799.98,1,2
1,18,97,417.57,1,1
1,21,97,502.18,1,2
1,2,99,712.49,1,1
1,4,99,5509.98,1,2
1,23,99,239.99,1,1
1,6,100,422.99,1,1
1,11,100,3126.64,1,2
1,12,100,1022.98,1,2
1,22,100,431.98,1,2
1,8,102,1709.99,1,1
1,19,103,808.2,1,2
1,22,103,431.98,1,2
1,2,104,1199.98,1,2
1,5,104,1188.89,1,1
1,19,104,417.57,1,1
1,21,104,485.98,1,2
1,20,107,1079.98,1,2
1,10,109,1471.55,1,1
1,11,109,1512.89,1,1
1,15,109,847.98,1,2
1,24,109,1044.98,1,2
1,8,111,1709.99,1,1
1,20,111,539.99,1,1
1,16,114,959.98,1,2
1,3,118,929.99,1,1
1,8,118,3419.98,1,2
1,12,118,879.98,1,2
1,23,118,284.99,1,1
1,25,118,474.99,1,1
1,12,119,989.98,1,2
1,8,124,1673.99,1,1
1,15,124,1006.98,1,2
1,17,124,407.55,1,1
1,25,124,949.98,1,2
1,16,132,1139.98,1,2
1,22,132,485.98,1,2
1,11,134,3126.64,1,2
1,2,138,712.49,1,1
1,6,138,437.09,1,1
1,9,138,2699.99,1,1
1,10,138,2478.4,1,2
1,11,138,3025.78,1,2
1,21,138,242.99,1,1
1,25,138,474.99,1,1
1,8,141,3239.98,1,2
1,11,141,3193.88,1,2
1,18,141,417.57,1,1
1,26,141,1115.98,1,2
1,3,151,799.99,1,1
1,25,151,464.99,1,1
1,8,157,3347.98,1,2
1,10,157,2788.2,1,2
1,13,157,431.98,1,2
1,15,157,476.99,1,1
1,14,160,242.99,1,1
1,16,160,1139.98,1,2
1,17,160,772.2,1,2
1,3,162,1859.98,1,2
1,10,162,1239.2,1,1
1,15,162,953.98,1,2
1,24,162,1044.98,1,2
1,6,163,751.98,1,2
1,7,163,11239.97,2,3
1,9,163,2699.99,1,1
1,21,163,256.49,1,1
1,22,163,431.98,1,2
1,23,163,539.98,1,2
1,24,163,494.99,1,1
1,11,172,3126.64,1,2
1,13,172,251.09,1,1
1,16,172,479.99,1,1
1,19,172,835.14,1,2
1,3,174,1899.98,1,2
1,7,174,7439.98,1,2
1,16,174,1115.98,1,2
1,20,174,557.99,1,1
1,9,175,2849.99,1,1
1,16,175,959.98,1,2
1,2,177,674.99,1,1
1,12,177,522.49,1,1
1,16,177,1139.98,1,2
1,2,201,674.99,1,1
1,6,210,874.18,1,2
1,9,210,2849.99,1,1
1,10,210,1440.57,1,1
1,11,210,3126.64,1,2
1,22,210,242.99,1,1
1,23,213,569.98,1,2
1,3,216,929.99,1,1
1,4,216,5509.98,1,2
1,6,216,892.98,1,2
1,20,216,1997.96,3,4
1,22,216,502.18,1,2
1,24,216,989.98,1,2
1,2,222,697.49,1,1
1,10,228,2881.14,1,2
1,7,230,3719.99,1,1
1,10,230,1394.1,1,1
1,2,235,697.49,1,1
1,5,235,1254.94,1,1
1,9,235,2399.99,1,1
1,10,235,2943.1,1,2
1,15,235,985.78,1,2
1,3,236,1899.98,1,2
1,14,236,485.98,1,2
1,14,239,431.98,1,2
1,16,239,479.99,1,1
1,23,239,284.99,1,1
1,8,242,3419.98,1,2
1,17,242,407.55,1,1
1,18,242,853.1,1,2
1,25,242,399.99,1,1
1,7,244,6399.98,1,2
1,12,244,989.98,1,2
1,22,244,512.98,1,2
1,24,244,439.99,1,1
1,2,245,1394.98,1,2
1,3,245,929.99,1,1
1,17,245,686.4,1,2
1,18,245,359.2,1,1
1,2,246,697.49,1,1
1,7,246,3599.99,1,1
1,17,246,386.1,1,1
1,24,246,511.49,1,1
1,26,246,1139.98,1,2
1,6,248,874.18,1,2
1,26,248,1115.98,1,2
1,3,249,1599.98,1,2
1,4,249,2696.99,1,1
1,6,249,874.18,1,2
1,20,249,959.98,1,2
1,23,249,479.98,1,2
1,6,252,446.49,1,1
1,22,252,242.99,1,1
1,12,253,1022.98,1,2
1,15,253,953.98,1,2
1,26,253,1115.98,1,2
1,7,256,7599.98,1,2
1,10,256,2478.4,1,2
1,9,258,2849.99,1,1
1,18,258,426.55,1,1
1,22,258,256.49,1,1
1,5,262,1254.94,1,1
1,12,262,511.49,1,1
1,15,262,476.99,1,1
1,26,262,479.99,1,1
1,10,263,2478.4,1,2
1,15,263,985.78,1,2
1,16,263,539.99,1,1
1,20,263,1139.98,1,2
1,22,263,251.09,1,1
1,2,268,712.49,1,1
1,7,268,7199.98,1,2
1,17,268,343.2,1,1
1,24,268,1022.98,1,2
1,9,273,5699.98,1,2
1,10,273,2943.1,1,2
1,19,273,404.1,1,1
1,25,273,449.99,1,1
1,8,274,2879.98,1,2
1,13,274,769.47,2,3
1,14,274,215.99,1,1
1,18,274,426.55,1,1
1,11,275,1344.79,1,1
1,17,275,797.94,1,2
1,19,275,853.1,1,2
1,25,275,399.99,1,1
1,26,275,959.98,1,2
1,6,276,422.99,1,1
1,10,276,1471.55,1,1
1,4,278,2754.99,1,1
1,15,278,503.49,1,1
1,23,278,557.98,1,2
1,17,280,398.97,1,1
1,9,282,4799.98,1,2
1,15,282,1006.98,1,2
1,21,282,512.98,1,2
1,6,283,422.99,1,1
1,15,283,503.49,1,1
1,18,283,853.1,1,2
1,22,283,485.98,1,2
1,26,283,1139.98,2,2
1,9,284,2849.99,1,1
1,22,284,215.99,1,1
1,11,285,1344.79,1,1
1,14,285,431.98,1,2
1,15,285,492.89,1,1
1,20,285,1079.98,1,2
1,2,288,1424.98,1,2
1,24,288,989.98,1,2
1,11,289,3193.88,1,2
1,13,289,502.18,1,2
1,20,289,1079.98,1,2
1,5,296,2509.88,1,2
1,11,296,3126.64,1,2
1,15,296,847.98,1,2
1,16,296,959.98,1,2
1,25,296,949.98,1,2
1,2,299,712.49,1,1
1,3,299,1859.98,1,2
1,9,299,2399.99,1,1
1,11,299,1563.32,1,1
1,26,299,569.99,1,1
1,6,300,874.18,1,2
1,9,300,5579.98,1,2
1,10,300,1394.1,1,1
1,4,301,2319.99,1,1
1,9,301,4799.98,1,2
1,18,301,835.14,1,2
1,19,301,404.1,1,1
1,2,305,674.99,1,1
1,10,305,1471.55,1,1
1,12,305,1044.98,1,2
1,14,305,251.09,1,1
1,17,305,772.2,1,2
1,22,305,242.99,1,1
1,25,305,799.98,1,2
1,26,305,569.99,1,1
1,2,307,1199.98,1,2
1,19,308,404.1,1,1
1,23,308,557.98,1,2
1,26,308,1079.98,1,2
1,22,309,512.98,1,2
1,12,311,522.49,1,1
1,17,311,386.1,1,1
1,21,311,256.49,1,1
1,3,318,1859.98,1,2
1,4,318,4639.98,1,2
1,22,318,256.49,1,1
1,6,321,422.99,1,1
1,7,321,7439.98,1,2
1,15,321,953.98,1,2
1,5,327,1228.52,1,1
1,7,327,6399.98,1,2
1,8,327,1619.99,1,1
1,9,327,2399.99,1,1
1,21,327,431.98,1,2
1,24,327,1022.98,1,2
1,5,328,1254.94,1,1
1,10,328,1471.55,1,1
1,4,329,2754.99,1,1
1,9,329,2699.99,1,1
1,4,332,5393.98,1,2
1,9,332,2699.99,1,1
1,12,332,439.99,1,1
1,9,335,5579.98,1,2
1,15,335,492.89,1,1
1,16,335,959.98,1,2
1,19,335,359.2,1,1
1,21,335,431.98,1,2
1,8,338,3347.98,1,2
1,10,339,2478.4,1,2
1,17,339,797.94,1,2
1,18,341,426.55,1,1
1,21,341,215.99,1,1
1,23,341,284.99,1,1
1,24,341,522.49,1,1
1,5,342,2113.58,1,2
1,7,342,7439.98,1,2
1,8,342,1439.99,1,1
1,14,342,485.98,1,2
1,3,343,929.99,1,1
1,4,343,2696.99,1,1
1,5,343,1254.94,1,1
1,9,343,2849.99,1,1
1,10,343,1440.57,1,1
1,19,343,835.14,1,2
1,23,343,539.98,1,2
1,26,343,1139.98,1,2
1,4,344,5509.98,1,2
1,9,344,5699.98,1,2
1,10,344,2788.2,1,2
1,14,344,242.99,1,1
1,16,344,1115.98,1,2
1,22,344,431.98,1,2
1,23,344,278.99,1,1
1,4,347,4639.98,1,2
1,7,347,7199.98,1,2
1,24,347,494.99,1,1
1,18,353,404.1,1,1
1,21,353,256.49,1,1
1,11,360,2689.58,1,2
1,17,360,398.97,1,1
1,23,360,539.98,1,2
1,26,360,557.99,1,1
1,5,361,2509.88,1,2
1,6,361,845.98,1,2
1,14,361,512.98,1,2
1,15,361,953.98,1,2
1,19,361,426.55,1,1
1,23,361,539.98,1,2
1,15,362,985.78,1,2
1,24,362,1022.98,1,2
1,85,369,527.98,1,2
1,15,373,503.49,1,1
1,62,373,2799.99,1,1
1,64,373,391.99,1,1
1,53,374,712.49,1,1
1,4,375,2696.99,1,1
1,12,375,439.99,1,1
1,15,375,847.98,1,2
1,95,375,284.99,1,1
1,11,376,3025.78,1,2
1,78,376,615.59,1,1
1,90,376,195.29,1,1
1,97,376,629.98,1,2
1,3,377,799.99,1,1
1,2,380,1349.98,1,2
1,6,380,437.09,1,1
1,43,380,4769.99,1,1
1,80,380,609.59,1,1
1,88,380,353.38,1,2
1,67,382,225.89,1,1
1,9,383,2849.99,1,1
1,29,383,949.99,1,1
1,49,383,5599.98,1,2
1,52,383,832.19,1,1
1,54,383,6079.98,1,2
1,22,385,251.09,1,1
1,55,385,4859.98,1,2
1,95,385,479.98,1,2
1,102,385,911.38,1,2
1,106,385,836.98,1,2
1,17,386,686.4,1,2
1,41,386,2792.98,1,2
1,71,386,387.8,1,1
1,94,386,237.49,1,1
1,106,386,359.99,1,1
1,5,392,1228.52,1,1
1,13,392,242.99,1,1
1,38,392,439.99,1,1
1,66,392,200.79,1,1
1,7,395,3199.99,1,1
1,15,395,847.98,1,2
1,50,395,5579.99,1,1
1,81,395,2089.98,1,2
1,83,395,284.98,1,2
1,5,399,2113.58,1,2
1,48,399,2849.98,1,2
1,83,399,139.49,1,1
1,95,399,278.99,1,1
1,11,400,3126.64,1,2
1,84,400,87.99,1,1
1,85,400,313.49,1,1
1,109,400,667.18,1,2
1,5,402,2509.88,1,2
1,13,402,215.99,1,1
1,15,402,985.78,1,2
1,31,402,1518.68,1,1
1,39,402,1424.99,1,1
1,45,402,1565.98,1,2
1,48,402,1199.99,1,1
1,55,402,4859.98,1,2
1,56,402,9899.98,1,2
1,59,402,2079.99,1,1
1,75,402,557.99,1,1
1,103,402,883.18,1,2
1,104,402,771.18,1,2
1,5,403,2509.88,1,2
1,7,404,7599.98,1,2
1,63,404,2799.99,1,1
1,3,405,1859.98,1,2
1,25,405,949.98,1,2
1,104,405,433.79,1,1
1,23,406,569.98,1,2
1,27,406,899.99,1,1
1,60,406,1247.99,1,1
1,6,407,437.09,1,1
1,34,407,751.98,1,2
1,47,407,4769.99,1,1
1,56,417,4949.99,1,1
1,58,417,4649.99,1,1
1,70,417,626.99,1,1
1,91,417,314.99,1,1
1,25,425,449.99,1,1
1,38,425,879.98,1,2
1,63,425,3254.99,1,1
1,82,425,1227.58,1,2
1,99,427,269.99,1,1
1,33,428,845.98,1,2
1,81,428,1022.99,1,1
1,86,428,119.99,1,1
1,110,428,438.02,1,1
1,45,430,1652.98,1,2
1,3,431,949.99,1,1
1,7,431,3199.99,1,1
1,12,431,1022.98,1,2
1,43,431,10069.98,1,2
1,57,431,3599.98,1,2
1,67,431,476.88,1,2
1,74,431,818.38,1,2
1,80,431,1417.3,1,2
1,12,434,511.49,1,1
1,25,434,399.99,1,1
1,28,434,3999.98,1,2
1,53,434,599.99,1,1
1,55,434,2510.99,1,1
1,65,434,329.64,1,1
1,81,434,2045.98,1,2
1,95,434,569.98,1,2
1,111,434,376.79,1,1
1,13,436,431.98,1,2
1,88,436,151.99,1,1
1,22,441,512.98,1,2
1,29,441,899.99,1,1
1,92,441,167.99,1,1
1,94,441,237.49,1,1
1,25,443,464.99,1,1
1,40,443,4649.99,1,1
1,59,443,4159.98,1,2
1,23,451,269.99,1,1
1,26,451,1139.98,1,2
1,42,451,1839.99,1,1
1,90,451,199.49,1,1
1,91,451,650.98,1,2
1,5,452,2377.78,1,2
1,29,452,1859.98,1,2
1,34,452,892.98,1,2
1,58,452,9299.98,1,2
1,63,452,3149.99,1,1
1,101,453,316.19,1,1
1,23,459,278.99,1,1
1,87,459,341.98,1,2
1,102,459,783.98,1,2
1,105,459,854.38,1,2
1,19,463,404.1,1,1
1,30,463,1599.98,1,2
1,92,463,377.98,1,2
1,2,469,712.49,1,1
1,65,469,645.4,1,2
1,82,469,527.99,1,1
1,55,471,2510.99,1,1
1,58,471,9499.98,1,2
1,85,471,296.99,1,1
1,5,475,2457.04,1,2
1,37,475,353.39,1,1
1,101,475,632.38,1,2
1,109,475,333.59,1,1
1,46,477,2622.58,1,2
1,46,487,1311.29,1,1
1,101,487,322.99,1,1
1,53,489,674.99,1,1
1,62,489,6509.98,1,2
1,5,491,2377.78,1,2
1,14,491,251.09,1,1
1,15,491,1006.98,1,2
1,111,491,376.79,1,1
1,6,493,751.98,1,2
1,13,493,242.99,1,1
1,18,493,853.1,1,2
1,103,493,441.59,1,1
1,30,499,949.99,1,1
1,47,499,5034.99,1,1
1,26,506,1139.98,1,2
1,28,506,4649.98,1,2
1,61,506,9499.98,1,2
1,89,506,167.99,1,1
1,96,506,332.49,1,1
1,105,506,507.29,1,1
1,108,506,418.49,1,1
1,13,509,215.99,1,1
1,36,509,1499.38,1,2
1,51,509,12089.98,1,2
1,92,509,335.98,1,2
1,65,510,322.7,1,1
1,84,510,204.58,1,2
1,5,512,1056.79,1,1
1,2,513,1199.98,1,2
1,22,513,431.98,1,2
1,71,513,792.28,1,2
1,101,513,322.99,1,1
1,20,514,959.98,1,2
1,38,514,511.49,1,1
1,46,514,1268.99,1,1
1,106,514,427.49,1,1
1,41,515,1367.09,1,1
1,4,516,5393.98,1,2
1,31,516,1469.69,1,1
1,91,516,279.99,1,1
1,3,520,899.99,1,1
1,16,520,959.98,1,2
1,37,520,607.98,1,2
1,43,520,4928.99,1,1
1,50,520,5399.99,1,1
1,74,520,791.98,1,2
1,71,522,792.28,1,2
1,83,522,119.99,1,1
1,75,529,959.98,1,2
1,16,531,1079.98,1,2
1,29,531,1859.98,1,2
1,69,531,775.6,1,2
1,70,531,1055.98,1,2
1,85,531,527.98,1,2
1,32,532,446.49,1,1
1,42,532,4277.98,1,2
1,44,532,502.19,1,1
1,9,533,5399.98,1,2
1,55,533,5129.98,1,2
1,51,535,5849.99,1,1
1,76,535,239.99,1,1
1,47,536,8479.98,1,2
1,65,536,645.4,1,2
1,105,536,480.59,1,1
1,51,549,11699.98,1,2
1,60,549,2495.98,1,2
1,80,549,708.65,1,1
1,9,553,4799.98,1,2
1,34,553,375.99,1,1
1,79,553,322.39,1,1
1,10,556,2943.1,1,2
1,36,556,1499.38,1,2
1,58,556,3999.99,1,1
1,79,556,725.38,1,2
1,99,556,557.98,1,2
1,16,558,1079.98,1,2
1,32,558,446.49,1,1
1,68,558,854.98,1,2
1,90,558,167.99,1,1
1,101,558,305.99,1,1
1,8,561,3239.98,1,2
1,79,561,322.39,1,1
1,83,561,134.99,1,1
1,100,561,465.49,1,1
1,16,565,959.98,1,2
1,68,565,854.98,1,2
1,88,565,151.99,1,1
1,99,565,479.98,1,2
1,109,565,750.58,1,2
1,15,570,492.89,1,1
1,20,570,1139.98,1,2
1,40,570,9499.98,1,2
1,57,570,3599.98,1,2
1,69,570,792.28,1,2
1,7,573,7439.98,1,2
1,20,576,479.99,1,1
1,40,576,3999.99,1,1
1,55,576,2429.99,1,1
1,68,576,809.98,1,2
1,27,577,1599.98,1,2
1,108,577,719.98,1,2
1,8,582,3419.98,1,2
1,27,582,1859.98,1,2
1,28,582,3999.98,1,2
1,64,582,455.69,1,1
1,97,582,314.99,1,1
1,3,587,899.99,1,1
1,9,587,2699.99,1,1
1,10,587,2943.1,1,2
1,14,587,431.98,1,2
1,26,587,557.99,1,1
1,36,587,1582.68,1,2
1,45,587,1391.98,1,2
1,96,587,650.98,1,2
1,99,587,539.98,1,2
1,36,596,1549.36,1,2
1,83,596,119.99,1,1
1,89,596,390.58,1,2
1,48,597,2699.98,1,2
1,111,597,894.88,1,2
1,64,599,440.99,1,1
1,66,599,401.58,1,2
1,74,599,395.99,1,1
1,30,601,1899.98,1,2
1,70,601,1227.58,1,2
1,74,602,351.99,1,1
1,2,603,1349.98,1,2
1,17,603,772.2,1,2
1,18,603,359.2,1,1
1,30,603,1859.98,1,2
1,34,603,446.49,1,1
1,45,603,1618.18,1,2
1,90,603,377.98,1,2
1,11,605,1512.89,1,1
1,88,606,170.99,1,1
1,45,612,1652.98,1,2
1,100,612,455.69,1,1
1,105,612,496.61,1,1
1,55,619,5129.98,1,2
1,93,619,377.98,1,2
1,104,619,385.59,1,1
1,54,627,5119.98,1,2
1,60,627,2901.58,1,2
1,103,627,1048.78,1,2
1,7,630,3599.99,1,1
1,13,630,512.98,1,2
1,25,630,899.98,1,2
1,44,630,971.98,1,2
1,69,630,396.14,1,1
1,93,630,188.99,1,1
1,105,630,1014.58,1,2
1,106,630,854.98,1,2
1,8,631,1619.99,1,1
1,20,632,1115.98,1,2
1,30,632,899.99,1,1
1,100,632,930.98,1,2
1,108,632,719.98,1,2
1,109,632,792.28,1,2
1,48,633,1199.99,1,1
1,69,633,750.58,1,2
1,99,633,239.99,1,1
1,30,638,1899.98,1,2
1,9,640,2399.99,1,1
1,12,640,989.98,1,2
1,20,640,539.99,1,1
1,31,640,2939.38,1,2
1,37,640,607.98,1,2
1,41,640,2690.08,2,2
1,74,640,409.19,1,1
1,95,640,539.98,1,2
1,29,643,1899.98,1,2
1,51,643,6174.99,1,1
1,58,643,8999.98,1,2
1,68,643,418.49,1,1
1,81,643,3739.96,2,4
1,91,643,559.98,1,2
1,87,649,170.99,1,1
1,13,651,512.98,1,2
1,46,651,1311.29,1,1
1,77,651,639.99,1,1
1,108,651,427.49,1,1
1,66,652,466.84,1,2
1,7,658,7439.98,1,2
1,71,658,396.14,1,1
1,84,658,104.49,1,1
1,105,658,961.18,1,2
1,32,662,446.49,1,1
1,94,662,464.98,1,2
1,109,662,750.58,1,2
1,46,665,2255.98,1,2
1,71,665,396.14,1,1
1,79,665,749.56,1,2
1,92,665,188.99,1,1
1,105,665,854.38,1,2
1,32,669,437.09,1,1
1,102,669,930.98,1,2
1,6,674,845.98,1,2
1,59,674,4679.98,1,2
1,81,674,989.99,1,1
1,36,675,1549.36,1,2
1,61,675,8999.98,1,2
1,4,676,5393.98,1,2
1,6,676,751.98,1,2
1,110,676,894.88,1,2
1,23,679,269.99,1,1
1,25,679,464.99,1,1
1,55,679,5021.98,1,2
1,87,679,341.98,1,2
1,95,679,479.98,1,2
1,12,686,522.49,1,1
1,15,686,953.98,1,2
1,26,686,569.99,1,1
1,28,686,4499.98,1,2
1,33,686,845.98,1,2
1,92,686,188.99,1,1
1,94,686,474.98,1,2
1,57,688,3799.98,1,2
1,79,688,322.39,1,1
1,84,688,87.99,1,1
1,59,696,4159.98,1,2
1,68,696,836.98,1,2
1,87,696,353.38,1,2
1,100,696,455.69,1,1
1,30,699,899.99,1,1
1,58,699,4649.99,1,1
1,11,706,3126.64,1,2
1,25,706,449.99,1,1
1,102,706,930.98,1,2
1,27,707,1599.98,1,2
1,62,707,6299.98,1,2
1,100,707,930.98,1,2
1,103,707,496.79,1,1
1,3,708,899.99,1,1
1,89,708,199.49,1,1
1,44,711,512.99,1,1
1,95,711,569.98,1,2
1,2,714,1349.98,1,2
1,16,714,569.99,1,1
1,25,714,949.98,1,2
1,90,714,188.99,1,1
1,14,715,485.98,1,2
1,52,715,1401.58,1,2
1,75,715,569.99,1,1
1,101,715,322.99,1,1
1,8,716,1439.99,1,1
1,45,716,1391.98,1,2
1,105,716,961.18,1,2
1,53,722,1199.98,1,2
1,69,722,667.18,1,2
1,96,722,650.98,1,2
1,11,724,3025.78,1,2
1,54,724,2559.99,1,1
1,59,724,2079.99,1,1
1,77,724,1279.98,1,2
1,14,725,215.99,1,1
1,16,725,959.98,1,2
1,20,725,557.99,1,1
1,24,725,494.99,1,1
1,26,725,557.99,1,1
1,33,725,375.99,1,1
1,41,725,1396.49,1,1
1,67,725,476.88,1,2
1,69,725,387.8,1,1
1,75,725,479.99,1,1
1,104,725,896.5,1,2
1,76,726,539.98,1,2
1,90,726,188.99,1,1
1,82,727,593.99,1,1
1,93,728,199.49,1,1
1,99,728,479.98,1,2
1,104,728,433.79,1,1
1,11,730,3025.78,1,2
1,34,730,422.99,1,1
1,107,730,375.29,1,1
1,13,735,242.99,1,1
1,55,735,2510.99,1,1
1,107,735,396.14,1,1
1,143,735,1022.99,1,1
1,283,735,511.98,1,2
1,21,740,502.18,1,2
1,29,740,1599.98,1,2
1,157,740,6174.99,1,1
1,185,740,2519.99,1,1
1,207,740,3599.99,1,1
1,175,742,2975.99,1,1
1,92,743,335.98,1,2
1,237,743,1614.98,1,2
1,253,743,2079.99,1,1
1,43,746,9857.98,1,2
1,53,746,712.49,1,1
1,58,746,8999.98,1,2
1,147,746,1673.99,1,1
1,148,746,5224.99,1,1
1,203,746,4749.99,1,1
1,166,750,1394.98,1,2
1,192,750,2469.99,1,1
1,199,750,5399.98,1,2
1,276,750,575.98,1,2
1,257,752,1439.98,1,2
1,24,758,1044.98,1,2
1,124,758,1394.07,1,1
1,131,758,4158.4,1,2
1,132,758,1349.99,1,1
1,130,761,1711.18,1,2
1,181,761,4179.98,1,2
1,5,763,1228.52,1,1
1,2,764,1199.98,1,2
1,96,764,650.98,1,2
1,110,764,438.02,1,1
1,129,764,1471.98,1,2
1,142,764,5951.98,1,2
1,229,767,799.78,1,2
1,255,767,1619.98,1,2
1,65,769,659.28,1,2
1,188,769,5599.98,1,2
1,150,771,4184.99,1,1
1,262,771,224.99,1,1
1,292,771,295.99,1,1
1,306,771,809.99,1,1
1,48,777,2699.98,1,2
1,180,777,1471.98,1,2
1,204,777,2879.99,1,1
1,226,777,611.99,1,1
1,53,778,599.99,1,1
1,69,778,792.28,1,2
1,28,781,4749.98,1,2
1,189,781,4479.98,1,2
1,203,781,4749.99,1,1
1,273,781,269.69,1,1
1,112,785,721.98,1,2
1,193,785,4479.98,1,2
1,220,785,242.99,1,1
1,9,791,2699.99,1,1
1,308,791,1199.98,1,2
1,219,794,1023.98,1,2
1,71,796,375.29,1,1
1,113,796,783.98,1,2
1,249,796,599.99,1,1
1,302,796,359.99,1,1
1,140,797,7999.98,1,2
1,141,805,3039.98,1,2
1,148,808,4399.99,1,1
1,86,810,284.98,1,2
1,89,810,377.98,1,2
1,99,810,539.98,1,2
1,109,810,775.6,1,2
1,234,810,719.99,1,1
1,258,811,1133.91,1,1
1,39,816,2849.98,1,2
1,163,816,2158.4,1,2
1,251,816,2849.99,1,1
1,310,816,1673.98,1,2
1,50,817,11159.98,1,2
1,58,817,4649.99,1,1
1,269,817,189.99,1,1
1,84,820,175.98,1,2
1,102,820,455.69,1,1
1,123,820,949.99,1,1
1,301,820,719.99,1,1
1,42,824,2138.99,1,1
1,52,824,788.39,1,1
1,96,824,559.98,1,2
1,99,824,269.99,1,1
1,122,824,2324.99,1,1
1,151,824,2479.98,1,2
1,160,824,4184.99,1,1
1,196,824,2184.99,1,1
1,198,824,5249.98,2,2
1,218,824,303.99,1,1
1,254,824,674.99,1,1
1,282,824,447.98,1,2
1,60,825,2901.58,1,2
1,95,825,479.98,1,2
1,139,825,5579.98,1,2
1,302,825,427.49,1,1
1,178,826,1199.98,1,2
1,230,826,773.98,1,2
1,264,826,474.98,1,2
1,2,827,712.49,1,1
1,41,827,2734.18,1,2
1,110,827,447.44,1,1
1,141,827,2559.98,1,2
1,171,827,5759.98,1,2
1,172,827,3039.99,1,1
1,198,827,5399.98,1,2
1,204,827,6695.98,1,2
1,208,827,1673.99,1,1
1,214,827,836.99,1,1
1,224,827,911.98,1,2
1,225,827,1535.98,1,2
1,248,827,557.99,1,1
1,260,827,1487.98,1,2
1,268,827,303.98,1,2
1,293,827,297.59,1,1
1,302,827,427.49,1,1
1,217,828,818.99,1,1
1,302,828,854.98,1,2
1,276,829,297.59,1,1
1,27,831,1599.98,1,2
1,40,831,4499.99,1,1
1,61,831,9499.98,1,2
1,158,831,1535.98,1,2
1,159,831,4369.98,1,2
1,166,831,674.99,1,1
1,202,831,6299.98,1,2
1,203,831,9499.98,1,2
1,240,831,1619.98,1,2
1,310,831,1709.98,1,2
1,172,832,5759.98,1,2
1,182,832,4749.98,1,2
1,196,832,3679.98,1,2
1,226,832,1291.98,1,2
1,252,832,5699.98,1,2
1,253,832,2339.99,1,1
1,259,832,1919.98,1,2
1,271,832,335.98,1,2
1,303,832,4835.98,1,2
1,304,832,1223.98,1,2
1,95,833,269.99,1,1
1,100,833,391.99,1,1
1,117,833,1367.09,1,1
1,123,833,899.99,1,1
1,135,833,2399.98,1,2
1,141,833,1487.99,1,1
1,314,833,1087.98,1,2
1,116,834,674.99,1,1
1,128,834,1709.1,1,1
1,213,834,485.98,1,2
1,71,837,792.28,1,2
1,78,837,518.39,1,1
1,177,837,10449.98,1,2
1,224,837,455.99,1,1
1,236,837,697.49,1,1
1,25,838,474.99,1,1
1,32,838,422.99,1,1
1,45,838,782.99,1,1
1,62,838,5599.98,1,2
1,106,838,719.98,1,2
1,107,838,667.18,1,2
1,156,838,5849.99,1,1
1,185,838,5039.98,1,2
1,194,838,6299.98,1,2
1,202,838,3254.99,1,1
1,204,838,2879.99,1,1
1,215,838,674.99,1,1
1,12,839,494.99,1,1
1,89,839,199.49,1,1
1,102,839,455.69,1,1
1,166,839,712.49,1,1
1,251,839,2849.99,1,1
1,285,839,223.99,1,1
1,163,840,2509.14,1,2
1,14,842,242.99,1,1
1,37,842,353.39,1,1
1,61,842,9499.98,1,2
1,92,842,188.99,1,1
1,95,842,278.99,1,1
1,105,842,496.61,1,1
1,146,842,3999.99,1,1
1,179,842,873.99,1,1
1,226,842,1087.98,1,2
1,261,842,809.99,1,1
1,279,842,255.99,1,1
1,301,842,809.99,1,1
1,309,842,836.99,1,1
1,9,844,2849.99,1,1
1,15,844,953.98,1,2
1,44,844,502.19,1,1
1,92,844,335.98,1,2
1,126,844,892.98,1,2
1,127,844,422.99,1,1
1,129,844,855.59,1,1
1,207,844,7199.98,1,2
1,213,844,251.09,1,1
1,216,844,1673.98,1,2
1,263,844,161.98,1,2
1,49,845,3324.99,1,1
1,65,845,624.58,1,2
1,86,845,239.98,1,2
1,119,845,874.18,1,2
1,214,845,809.99,1,1
1,286,845,260.39,1,1
1,64,846,440.99,1,1
1,75,846,557.99,1,1
1,133,846,2789.98,1,2
1,272,846,231.99,1,1
1,22,847,485.98,1,2
1,36,847,749.69,1,1
1,43,847,4239.99,1,1
1,45,847,1565.98,1,2
1,63,847,6649.98,1,2
1,78,847,1231.18,1,2
1,95,847,269.99,1,1
1,104,847,433.79,1,1
1,106,847,809.98,1,2
1,147,847,3347.98,1,2
1,173,847,2559.99,1,1
1,187,847,2519.99,1,1
1,191,847,2519.99,1,1
1,207,847,7439.98,1,2
1,216,847,1619.98,1,2
1,277,847,344.09,1,1
1,295,847,303.99,1,1
1,300,847,1487.98,1,2
1,313,847,404.99,1,1
1,23,848,278.99,1,1
1,28,848,4499.98,1,2
1,97,848,650.98,1,2
1,126,848,751.98,1,2
1,138,848,4274.98,1,2
1,175,848,5951.98,1,2
1,246,848,1215.98,1,2
1,248,848,479.99,1,1
1,260,848,639.99,1,1
1,265,848,231.99,1,1
1,286,848,447.98,1,2
1,18,849,404.1,1,1
1,91,849,332.49,1,1
1,49,850,6509.98,1,2
1,88,850,151.99,1,1
1,247,850,479.99,1,1
1,29,923,949.99,1,1
1,231,924,1006.98,1,2
1,60,1025,1403.99,1,1
1,101,1025,543.98,1,2
1,242,1025,629.99,1,1
1,289,1025,607.98,1,2
1,293,1025,595.18,1,2
2,16,1,1139.98,1,2
2,20,1,557.99,1,1
2,3,2,949.99,1,1
2,20,2,569.99,1,1
2,10,3,2943.1,1,2
2,17,3,398.97,1,1
2,26,3,557.99,1,1
2,3,4,2759.97,2,3
2,9,4,5579.98,1,2
2,12,4,1044.98,1,2
2,15,4,492.89,1,1
2,17,4,772.2,1,2
2,18,4,417.57,1,1
2,20,4,1655.97,2,3
2,22,4,256.49,1,1
2,8,5,1709.99,1,1
2,14,5,242.99,1,1
2,16,5,959.98,1,2
2,22,5,485.98,1,2
2,7,7,7599.98,1,2
2,14,7,215.99,1,1
2,18,7,359.2,1,1
2,22,7,502.18,1,2
2,25,7,799.98,1,2
2,13,8,242.99,1,1
2,16,8,1139.98,1,2
2,17,8,815.1,1,2
2,20,8,1079.98,1,2
2,8,9,1673.99,1,1
2,12,9,1022.98,1,2
2,18,9,853.1,1,2
2,23,9,479.98,1,2
2,10,15,1440.57,1,1
2,14,15,256.49,1,1
2,17,15,386.1,1,1
2,2,18,599.99,1,1
2,3,18,1799.98,1,2
2,7,18,3799.99,1,1
2,10,18,2478.4,1,2
2,12,18,439.99,1,1
2,14,18,215.99,1,1
2,18,18,835.14,1,2
2,21,18,745.17,2,3
2,22,18,215.99,1,1
2,23,18,479.98,1,2
2,5,19,2311.73,2,2
2,6,19,446.49,1,1
2,7,19,6399.98,1,2
2,8,19,1673.99,1,1
2,14,19,485.98,1,2
2,19,19,359.2,1,1
2,26,19,1115.98,1,2
2,4,20,2609.99,1,1
2,6,20,375.99,1,1
2,7,20,7199.98,1,2
2,8,20,1439.99,1,1
2,14,20,512.98,1,2
2,17,20,398.97,1,1
2,19,20,404.1,1,1
2,21,20,485.98,1,2
2,24,20,1044.98,1,2
2,26,20,569.99,1,1
2,7,21,3599.99,1,1
2,23,21,557.98,1,2
2,5,22,1056.79,1,1
2,8,22,3347.98,1,2
2,10,22,2788.2,1,2
2,17,22,686.4,1,2
2,18,22,426.55,1,1
2,20,22,1139.98,1,2
2,21,22,502.18,1,2
2,22,22,251.09,1,1
2,3,25,1899.98,1,2
2,7,25,7599.98,1,2
2,10,25,2788.2,1,2
2,15,25,476.99,1,1
2,16,25,2099.96,2,4
2,22,25,431.98,1,2
2,23,25,278.99,1,1
2,24,25,511.49,1,1
2,25,25,399.99,1,1
2,5,27,1188.89,1,1
2,12,27,1044.98,1,2
2,13,27,485.98,1,2
2,19,27,1144.95,2,3
2,26,27,959.98,1,2
2,4,28,4639.98,1,2
2,7,28,3599.99,1,1
2,16,28,569.99,1,1
2,21,28,512.98,1,2
2,22,28,251.09,1,1
2,6,29,446.49,1,1
2,13,29,215.99,1,1
2,15,29,476.99,1,1
2,17,29,386.1,1,1
2,25,29,929.98,1,2
2,4,30,2319.99,1,1
2,5,30,2377.78,1,2
2,11,30,1512.89,1,1
2,14,30,502.18,1,2
2,3,31,949.99,1,1
2,13,31,934.16,2,4
2,26,31,1115.98,1,2
2,13,32,256.49,1,1
2,20,32,569.99,1,1
2,26,32,959.98,1,2
2,8,34,2879.98,1,2
2,14,34,431.98,1,2
2,23,34,569.98,1,2
2,25,34,899.98,1,2
2,3,35,799.99,1,1
2,13,35,251.09,1,1
2,15,35,847.98,1,2
2,19,35,718.4,1,2
2,20,35,1115.98,1,2
2,21,35,256.49,1,1
2,23,35,539.98,1,2
2,25,35,799.98,1,2
2,26,35,959.98,1,2
2,2,36,674.99,1,1
2,14,36,512.98,1,2
2,17,36,772.2,1,2
2,18,36,417.57,1,1
2,21,36,256.49,1,1
2,23,36,269.99,1,1
2,5,37,2113.58,1,2
2,15,37,1006.98,1,2
2,25,37,449.99,1,1
2,3,38,899.99,1,1
2,19,38,853.1,1,2
2,22,38,431.98,1,2
2,23,38,479.98,1,2
2,24,38,989.98,1,2
2,25,38,1799.96,2,4
2,12,39,494.99,1,1
2,2,40,599.99,1,1
2,12,40,511.49,1,1
2,23,40,278.99,1,1
2,5,41,1056.79,1,1
2,10,41,1471.55,1,1
2,22,41,485.98,1,2
2,18,42,404.1,1,1
2,24,42,439.99,1,1
2,26,42,1139.98,1,2
2,3,43,1859.98,1,2
2,22,43,251.09,1,1
2,23,43,479.98,1,2
2,25,43,464.99,1,1
2,26,43,1139.98,1,2
2,6,44,437.09,1,1
2,16,44,1139.98,1,2
2,3,45,899.99,1,1
2,7,45,7439.98,1,2
2,15,45,423.99,1,1
2,5,47,1228.52,1,1
2,11,47,3025.78,1,2
2,12,47,522.49,1,1
2,14,47,485.98,1,2
2,17,47,398.97,1,1
2,18,47,808.2,1,2
2,19,47,359.2,1,1
2,10,48,2478.4,1,2
2,17,48,343.2,1,1
2,23,48,569.98,1,2
2,24,48,494.99,1,1
2,25,48,949.98,1,2
2,26,48,539.99,1,1
2,11,49,2689.58,1,2
2,25,49,899.98,1,2
2,4,51,5509.98,1,2
2,15,51,985.78,1,2
2,18,51,417.57,1,1
2,23,51,557.98,1,2
2,7,52,3599.99,1,1
2,8,52,3239.98,1,2
2,9,52,5399.98,1,2
2,10,52,1440.57,1,1
2,15,52,476.99,1,1
2,20,52,959.98,1,2
2,21,52,431.98,1,2
2,23,52,1097.96,2,4
2,3,54,899.99,1,1
2,6,54,437.09,1,1
2,8,56,1619.99,1,1
2,8,58,2879.98,1,2
2,10,58,2478.4,1,2
2,19,58,404.1,1,1
2,20,58,1139.98,1,2
2,23,58,284.99,1,1
2,26,58,539.99,1,1
2,2,59,1297.48,2,2
2,6,59,751.98,1,2
2,19,59,821.67,2,2
2,20,59,959.98,1,2
2,21,59,242.99,1,1
2,22,59,431.98,1,2
2,7,61,6399.98,1,2
2,11,61,3025.78,1,2
2,12,61,1044.98,1,2
2,16,61,959.98,1,2
2,24,61,989.98,1,2
2,15,62,503.49,1,1
2,22,62,251.09,1,1
2,3,63,949.99,1,1
2,9,63,2849.99,1,1
2,11,63,2689.58,1,2
2,19,63,808.2,1,2
2,26,63,569.99,1,1
2,6,66,437.09,1,1
2,11,66,1512.89,1,1
2,16,66,1139.98,1,2
2,22,66,988.16,2,4
2,12,67,1022.98,1,2
2,14,67,242.99,1,1
2,2,68,697.49,1,1
2,5,68,3170.37,2,3
2,6,68,437.09,1,1
2,12,68,1545.47,2,3
2,13,68,485.98,1,2
2,23,68,719.97,2,3
2,24,68,2034.96,2,4
2,25,68,929.98,1,2
2,19,69,404.1,1,1
2,22,69,215.99,1,1
2,14,70,215.99,1,1
2,19,70,426.55,1,1
2,22,70,431.98,1,2
2,26,70,1139.98,2,2
2,25,72,474.99,1,1
2,2,74,1424.98,1,2
2,4,74,5219.98,1,2
2,5,74,1056.79,1,1
2,6,74,892.98,1,2
2,10,74,2943.1,1,2
2,13,74,512.98,1,2
2,14,74,485.98,1,2
2,16,74,1499.97,2,3
2,17,74,407.55,1,1
2,24,74,1022.98,1,2
2,12,75,989.98,1,2
2,9,76,5699.98,1,2
2,17,76,386.1,1,1
2,3,78,1599.98,1,2
2,4,78,4639.98,1,2
2,16,78,1079.98,1,2
2,24,78,989.98,1,2
2,5,79,2457.04,1,2
2,9,79,2699.99,1,1
2,18,79,404.1,1,1
2,26,79,569.99,1,1
2,2,80,1394.98,1,2
2,13,80,512.98,1,2
2,18,80,835.14,1,2
2,19,80,808.2,1,2
2,22,80,215.99,1,1
2,2,81,712.49,1,1
2,5,81,2509.88,1,2
2,18,81,853.1,1,2
2,25,81,399.99,1,1
2,3,83,1879.98,2,2
2,6,83,375.99,1,1
2,12,83,879.98,1,2
2,15,83,423.99,1,1
2,16,83,1079.98,1,2
2,19,83,835.14,1,2
2,21,83,215.99,1,1
2,22,83,242.99,1,1
2,23,83,278.99,1,1
2,18,85,359.2,1,1
2,6,86,375.99,1,1
2,8,86,3419.98,1,2
2,9,87,5399.98,1,2
2,11,87,1344.79,1,1
2,12,88,1022.98,1,2
2,14,88,256.49,1,1
2,21,88,502.18,1,2
2,26,88,959.98,1,2
2,6,89,751.98,1,2
2,16,89,1115.98,1,2
2,22,89,431.98,1,2
2,8,90,1673.99,1,1
2,15,90,1006.98,1,2
2,16,90,557.99,1,1
2,8,93,1619.99,1,1
2,7,95,7599.98,1,2
2,11,95,1596.94,1,1
2,15,95,985.78,1,2
2,18,95,808.2,1,2
2,21,95,251.09,1,1
2,22,95,256.49,1,1
2,24,95,1022.98,1,2
2,12,97,494.99,1,1
2,18,97,359.2,1,1
2,4,98,10149.96,2,4
2,9,98,2399.99,1,1
2,10,98,2943.1,1,2
2,11,98,3025.78,1,2
2,12,98,989.98,1,2
2,14,98,242.99,1,1
2,25,98,929.98,1,2
2,7,99,7599.98,1,2
2,10,99,4027.4,2,3
2,11,99,1344.79,1,1
2,12,99,522.49,1,1
2,13,99,512.98,1,2
2,5,101,1254.94,1,1
2,7,101,3199.99,1,1
2,10,101,1239.2,1,1
2,11,101,1344.79,1,1
2,12,101,989.98,1,2
2,14,101,512.98,1,2
2,18,101,853.1,1,2
2,20,101,1079.98,1,2
2,24,101,522.49,1,1
2,16,102,479.99,1,1
2,23,102,278.99,1,1
2,2,106,1394.98,1,2
2,11,106,2689.58,1,2
2,16,106,1139.98,1,2
2,3,107,899.99,1,1
2,10,107,2478.4,1,2
2,12,107,522.49,1,1
2,18,107,417.57,1,1
2,12,108,879.98,1,2
2,13,108,512.98,1,2
2,16,108,557.99,1,1
2,18,108,359.2,1,1
2,20,108,1079.98,1,2
2,26,108,539.99,1,1
2,24,109,1022.98,1,2
2,25,109,949.98,1,2
2,4,110,2319.99,1,1
2,5,110,1188.89,1,1
2,11,110,2689.58,1,2
2,12,110,1044.98,1,2
2,14,110,242.99,1,1
2,17,110,398.97,1,1
2,19,110,417.57,1,1
2,4,112,2609.99,1,1
2,6,112,422.99,1,1
2,5,113,1254.94,1,1
2,7,113,7439.98,1,2
2,3,114,1599.98,1,2
2,15,114,423.99,1,1
2,24,114,522.49,1,1
2,2,118,712.49,1,1
2,8,118,3239.98,1,2
2,10,118,2478.4,1,2
2,24,118,1022.98,1,2
2,25,118,464.99,1,1
2,3,119,1859.98,1,2
2,4,119,4639.98,1,2
2,5,119,2113.58,1,2
2,6,119,446.49,1,1
2,10,119,2881.14,1,2
2,12,119,511.49,1,1
2,14,119,256.49,1,1
2,18,119,359.2,1,1
2,20,119,539.99,1,1
2,21,119,917.96,2,4
2,2,121,1394.98,1,2
2,4,121,4639.98,1,2
2,4,122,2319.99,1,1
2,6,122,892.98,1,2
2,8,122,2879.98,1,2
2,13,122,512.98,1,2
2,17,122,407.55,1,1
2,18,122,835.14,1,2
2,20,122,1115.98,1,2
2,22,122,502.18,1,2
2,23,122,569.98,1,2
2,25,122,949.98,1,2
2,6,125,874.18,1,2
2,17,125,772.2,1,2
2,22,125,512.98,1,2
2,24,125,989.98,1,2
2,5,126,1254.94,1,1
2,7,126,7199.98,1,2
2,11,126,3126.64,1,2
2,12,126,879.98,1,2
2,3,127,949.99,1,1
2,4,127,5393.98,1,2
2,6,127,892.98,1,2
2,10,127,2943.1,1,2
2,12,127,439.99,1,1
2,2,128,1394.98,1,2
2,9,128,5399.98,1,2
2,10,128,5313.07,3,4
2,11,128,5883.46,2,4
2,13,128,674.97,2,3
2,14,128,251.09,1,1
2,16,128,1079.98,1,2
2,7,129,3199.99,1,1
2,12,129,879.98,1,2
2,16,129,1115.98,1,2
2,19,129,404.1,1,1
2,12,131,989.98,1,2
2,19,131,417.57,1,1
2,21,131,242.99,1,1
2,10,132,2788.2,1,2
2,17,132,398.97,1,1
2,18,132,404.1,1,1
2,2,133,1349.98,1,2
2,3,133,1599.98,1,2
2,5,133,1056.79,1,1
2,6,133,892.98,1,2
2,12,133,522.49,1,1
2,13,133,251.09,1,1
2,22,133,485.98,1,2
2,25,133,464.99,1,1
2,26,133,569.99,1,1
2,2,134,1349.98,1,2
2,10,134,1394.1,1,1
2,5,136,1056.79,1,1
2,7,136,7599.98,1,2
2,15,136,503.49,1,1
2,20,136,569.99,1,1
2,21,136,485.98,1,2
2,2,138,1394.98,1,2
2,3,138,1899.98,1,2
2,4,138,2319.99,1,1
2,15,138,953.98,1,2
2,22,138,256.49,1,1
2,23,138,539.98,1,2
2,25,138,399.99,1,1
2,5,140,4491.36,2,4
2,8,140,4787.97,2,3
2,11,140,3126.64,1,2
2,14,140,431.98,1,2
2,25,140,799.98,1,2
2,12,142,439.99,1,1
2,14,142,242.99,1,1
2,15,142,985.78,1,2
2,16,142,1079.98,1,2
2,7,143,3799.99,1,1
2,11,143,2689.58,1,2
2,12,143,494.99,1,1
2,17,143,815.1,1,2
2,23,143,269.99,1,1
2,6,145,437.09,1,1
2,7,145,7599.98,1,2
2,13,145,512.98,1,2
2,2,146,1349.98,1,2
2,3,146,1859.98,1,2
2,4,146,5219.98,1,2
2,15,146,423.99,1,1
2,20,146,959.98,1,2
2,24,146,511.49,1,1
2,26,146,569.99,1,1
2,7,147,3719.99,1,1
2,13,147,431.98,1,2
2,20,147,959.98,1,2
2,22,147,512.98,1,2
2,25,147,464.99,1,1
2,3,148,799.99,1,1
2,5,148,1228.52,1,1
2,7,148,3199.99,1,1
2,8,148,1673.99,1,1
2,9,148,2789.99,1,1
2,18,148,835.14,1,2
2,19,149,417.57,1,1
2,22,149,242.99,1,1
2,25,149,399.99,1,1
2,8,150,1619.99,1,1
2,10,150,2943.1,1,2
2,9,151,2399.99,1,1
2,13,151,242.99,1,1
2,17,151,1072.5,2,3
2,26,151,1079.98,1,2
2,7,153,7599.98,1,2
2,11,153,3025.78,1,2
2,17,153,815.1,1,2
2,18,153,853.1,1,2
2,22,153,755.97,2,3
2,23,153,479.98,1,2
2,11,154,3126.64,1,2
2,2,155,1199.98,1,2
2,3,155,949.99,1,1
2,5,155,2377.78,1,2
2,6,155,874.18,1,2
2,12,155,522.49,1,1
2,14,155,215.99,1,1
2,21,155,251.09,1,1
2,11,156,1512.89,1,1
2,21,156,256.49,1,1
2,2,158,1199.98,1,2
2,4,158,5306.98,2,2
2,6,158,845.98,1,2
2,8,158,3419.98,1,2
2,10,158,1239.2,1,1
2,18,158,426.55,1,1
2,19,158,417.57,1,1
2,23,158,479.98,1,2
2,24,158,879.98,1,2
2,26,158,569.99,1,1
2,2,159,1199.98,1,2
2,6,159,446.49,1,1
2,18,159,835.14,1,2
2,22,159,242.99,1,1
2,24,159,879.98,1,2
2,2,161,1424.98,1,2
2,3,161,799.99,1,1
2,9,161,2789.99,1,1
2,6,162,874.18,1,2
2,9,162,4799.98,1,2
2,19,162,359.2,1,1
2,25,162,474.99,1,1
2,3,164,949.99,1,1
2,5,164,1228.52,1,1
2,15,164,476.99,1,1
2,18,164,426.55,1,1
2,23,164,557.98,1,2
2,25,164,799.98,1,2
2,6,165,892.98,1,2
2,7,165,7199.98,1,2
2,11,165,3126.64,1,2
2,13,165,242.99,1,1
2,2,167,1394.98,1,2
2,11,167,1563.32,1,1
2,21,168,242.99,1,1
2,7,169,7599.98,1,2
2,9,169,5579.98,1,2
2,11,169,3193.88,1,2
2,18,169,426.55,1,1
2,25,169,1349.97,2,3
2,3,170,1599.98,1,2
2,9,170,5579.98,1,2
2,17,170,407.55,1,1
2,6,171,751.98,1,2
2,13,171,485.98,1,2
2,20,171,959.98,1,2
2,7,173,7439.98,1,2
2,13,173,251.09,1,1
2,14,173,485.98,1,2
2,22,173,251.09,1,1
2,25,173,929.98,2,2
2,26,173,1115.98,1,2
2,20,175,479.99,1,1
2,24,175,879.98,1,2
2,2,177,712.49,1,1
2,4,177,2319.99,1,1
2,5,177,1056.79,1,1
2,7,177,11199.97,2,3
2,10,177,2865.65,2,2
2,16,177,1079.98,1,2
2,20,177,569.99,1,1
2,21,177,502.18,1,2
2,26,177,959.98,1,2
2,13,179,251.09,1,1
2,17,179,343.2,1,1
2,24,179,439.99,1,1
2,2,180,1394.98,1,2
2,5,180,2457.04,1,2
2,21,180,242.99,1,1
2,6,181,892.98,1,2
2,21,181,502.18,1,2
2,6,182,375.99,1,1
2,19,182,853.1,1,2
2,3,189,1599.98,1,2
2,6,189,422.99,1,1
2,7,189,7199.98,1,2
2,8,189,3419.98,1,2
2,10,189,2912.12,2,2
2,20,189,539.99,1,1
2,24,189,1044.98,1,2
2,14,195,502.18,1,2
2,16,195,1139.98,1,2
2,24,195,1044.98,1,2
2,5,197,1228.52,1,1
2,7,197,7439.98,1,2
2,9,197,2849.99,1,1
2,22,197,431.98,1,2
2,9,198,2699.99,1,1
2,11,198,1344.79,1,1
2,2,199,1199.98,1,2
2,9,199,2849.99,1,1
2,10,199,1239.2,1,1
2,13,199,917.96,2,4
2,15,199,503.49,1,1
2,16,199,1079.98,1,2
2,17,199,407.55,1,1
2,19,199,359.2,1,1
2,20,199,539.99,1,1
2,22,199,256.49,1,1
2,25,199,799.98,1,2
2,11,200,1563.32,1,1
2,15,200,953.98,1,2
2,21,200,215.99,1,1
2,23,200,284.99,1,1
2,4,201,4639.98,1,2
2,12,201,879.98,1,2
2,13,201,934.16,2,4
2,21,201,251.09,1,1
2,23,201,479.98,1,2
2,26,201,1559.97,2,3
2,2,202,1349.98,1,2
2,6,202,751.98,1,2
2,7,202,3799.99,1,1
2,12,202,962.48,2,2
2,17,202,343.2,1,1
2,19,202,426.55,1,1
2,22,202,431.98,1,2
2,4,203,2754.99,1,1
2,12,203,1022.98,1,2
2,13,203,251.09,1,1
2,6,205,845.98,1,2
2,8,206,3419.98,1,2
2,14,206,502.18,1,2
2,17,206,1171.17,2,3
2,18,206,853.1,1,2
2,21,206,512.98,1,2
2,23,206,239.99,1,1
2,26,206,1139.98,1,2
2,2,207,1349.98,1,2
2,3,207,2699.97,2,3
2,6,207,422.99,1,1
2,8,207,3419.98,1,2
2,9,207,2849.99,1,1
2,16,207,959.98,1,2
2,18,207,835.14,1,2
2,21,207,251.09,1,1
2,4,208,5364.98,2,2
2,12,208,439.99,1,1
2,18,208,426.55,1,1
2,13,210,242.99,1,1
2,15,210,1006.98,1,2
2,10,211,2788.2,1,2
2,11,211,1596.94,1,1
2,12,211,1022.98,1,2
2,13,211,485.98,1,2
2,24,211,522.49,1,1
2,5,213,2509.88,1,2
2,9,213,2399.99,1,1
2,10,213,1394.1,1,1
2,16,213,1079.98,1,2
2,20,213,959.98,1,2
2,25,213,474.99,1,1
2,26,213,557.99,1,1
2,14,214,215.99,1,1
2,18,214,1643.34,2,4
2,22,214,256.49,1,1
2,24,214,1022.98,1,2
2,23,215,278.99,1,1
2,2,216,1199.98,1,2
2,11,216,1344.79,1,1
2,14,216,215.99,1,1
2,4,217,2754.99,1,1
2,13,217,256.49,1,1
2,23,217,569.98,1,2
2,6,218,874.18,1,2
2,8,218,3419.98,1,2
2,18,218,808.2,1,2
2,21,218,485.98,1,2
2,7,220,12799.96,2,4
2,9,220,5579.98,1,2
2,13,220,512.98,1,2
2,15,220,985.78,1,2
2,25,220,449.99,1,1
2,26,220,569.99,1,1
2,6,221,845.98,1,2
2,11,221,1512.89,1,1
2,24,221,1044.98,1,2
2,24,226,1022.98,1,2
2,5,227,1056.79,1,1
2,10,227,5421.5,2,4
2,14,227,256.49,1,1
2,19,227,426.55,1,1
2,21,227,485.98,1,2
2,26,227,1079.98,1,2
2,4,228,5219.98,1,2
2,12,228,439.99,1,1
2,14,228,215.99,1,1
2,25,228,949.98,1,2
2,5,229,1188.89,1,1
2,8,229,3419.98,1,2
2,11,229,1596.94,1,1
2,12,229,494.99,1,1
2,13,229,242.99,1,1
2,14,229,485.98,1,2
2,19,229,718.4,1,2
2,22,229,242.99,1,1
2,2,230,2819.96,2,4
2,4,230,5393.98,1,2
2,8,230,1709.99,1,1
2,12,230,1044.98,1,2
2,14,230,251.09,1,1
2,21,230,512.98,1,2
2,23,230,539.98,1,2
2,9,231,2789.99,1,1
2,16,231,479.99,1,1
2,11,232,3193.88,1,2
2,16,232,569.99,1,1
2,21,232,502.18,1,2
2,3,233,1899.98,1,2
2,4,233,2319.99,1,1
2,7,233,6399.98,1,2
2,8,233,4769.97,3,3
2,9,233,2699.99,1,1
2,13,233,494.08,2,2
2,14,233,242.99,1,1
2,15,233,476.99,1,1
2,16,233,959.98,1,2
2,19,233,417.57,1,1
2,20,233,539.99,1,1
2,21,233,1196.05,3,5
2,22,233,512.98,1,2
2,26,233,1139.98,1,2
2,6,238,751.98,1,2
2,14,239,256.49,1,1
2,5,240,1056.79,1,1
2,12,240,494.99,1,1
2,25,240,949.98,1,2
2,7,241,3799.99,1,1
2,3,242,1599.98,1,2
2,9,242,2399.99,1,1
2,11,242,3193.88,1,2
2,14,242,242.99,1,1
2,24,242,1022.98,1,2
2,25,242,474.99,1,1
2,5,243,1228.52,1,1
2,6,243,874.18,1,2
2,10,243,2478.4,1,2
2,23,243,239.99,1,1
2,26,243,569.99,1,1
2,3,244,1599.98,1,2
2,4,244,2319.99,1,1
2,9,244,2789.99,1,1
2,10,244,2788.2,1,2
2,14,244,502.18,1,2
2,16,244,959.98,1,2
2,25,244,949.98,1,2
2,9,245,5699.98,1,2
2,15,245,492.89,1,1
2,16,245,959.98,1,2
2,21,245,256.49,1,1
2,24,245,989.98,1,2
2,25,245,449.99,1,1
2,8,246,3419.98,1,2
2,9,246,2789.99,1,1
2,25,246,449.99,1,1
2,3,247,929.99,1,1
2,4,247,5219.98,1,2
2,5,247,1056.79,1,1
2,6,247,892.98,1,2
2,14,247,251.09,1,1
2,22,247,251.09,1,1
2,23,247,479.98,1,2
2,24,247,494.99,1,1
2,12,248,522.49,1,1
2,20,248,569.99,1,1
2,2,250,599.99,1,1
2,8,250,3419.98,1,2
2,17,250,343.2,1,1
2,20,250,1139.98,1,2
2,23,250,557.98,1,2
2,10,251,1239.2,1,1
2,15,251,1006.98,1,2
2,22,251,251.09,1,1
2,6,252,422.99,1,1
2,10,252,1394.1,1,1
2,19,252,426.55,1,1
2,21,252,502.18,1,2
2,23,252,569.98,1,2
2,5,253,2113.58,1,2
2,14,253,215.99,1,1
2,4,255,4639.98,1,2
2,6,255,422.99,1,1
2,8,255,1439.99,1,1
2,11,255,1563.32,1,1
2,13,255,934.16,2,4
2,14,255,431.98,1,2
2,18,255,359.2,1,1
2,19,255,417.57,1,1
2,22,255,485.98,1,2
2,4,256,2319.99,1,1
2,6,256,422.99,1,1
2,10,256,1239.2,1,1
2,24,256,494.99,1,1
2,9,257,2399.99,1,1
2,11,257,3126.64,1,2
2,18,257,853.1,1,2
2,20,257,539.99,1,1
2,21,257,256.49,1,1
2,3,260,1899.98,2,2
2,8,260,3419.98,1,2
2,10,260,1471.55,1,1
2,23,260,239.99,1,1
2,4,261,5393.98,1,2
2,6,261,874.18,1,2
2,7,261,7599.98,1,2
2,19,261,835.14,1,2
2,6,262,751.98,1,2
2,16,262,1115.98,1,2
2,26,262,959.98,1,2
2,7,263,3199.99,1,1
2,16,263,1673.97,2,3
2,22,263,215.99,1,1
2,23,263,239.99,1,1
2,2,265,712.49,1,1
2,5,265,1188.89,1,1
2,6,265,892.98,1,2
2,7,265,7439.98,1,2
2,12,265,511.49,1,1
2,13,265,512.98,1,2
2,14,265,512.98,1,2
2,17,265,815.1,1,2
2,24,265,522.49,1,1
2,26,265,959.98,1,2
2,4,266,2319.99,1,1
2,7,266,7199.98,1,2
2,8,266,1619.99,1,1
2,11,266,1596.94,1,1
2,16,266,569.99,1,1
2,20,266,959.98,1,2
2,23,266,284.99,1,1
2,9,267,2849.99,1,1
2,13,267,512.98,1,2
2,24,267,989.98,1,2
2,25,267,929.98,1,2
2,2,269,599.99,1,1
2,3,269,1599.98,1,2
2,11,269,2857.68,2,2
2,21,269,502.18,1,2
2,24,269,439.99,1,1
2,4,270,2319.99,1,1
2,8,270,3419.98,1,2
2,16,270,557.99,1,1
2,18,270,808.2,1,2
2,24,270,494.99,1,1
2,12,271,989.98,1,2
2,5,272,1188.89,1,1
2,6,272,1221.97,2,3
2,7,272,11199.97,2,3
2,15,272,476.99,1,1
2,19,272,718.4,1,2
2,25,272,899.98,1,2
2,4,273,2696.99,1,1
2,8,273,3239.98,1,2
2,15,273,847.98,1,2
2,15,274,476.99,1,1
2,21,274,485.98,1,2
2,26,274,557.99,1,1
2,4,275,4639.98,1,2
2,11,275,3126.64,1,2
2,20,275,1139.98,1,2
2,22,275,502.18,1,2
2,21,276,502.18,1,2
2,7,277,3799.99,1,1
2,10,277,1239.2,1,1
2,12,277,522.49,1,1
2,21,277,215.99,1,1
2,26,277,557.99,1,1
2,13,279,215.99,1,1
2,14,279,242.99,1,1
2,6,280,751.98,2,2
2,8,280,3239.98,1,2
2,9,280,8489.97,2,3
2,13,280,745.17,2,3
2,22,280,256.49,1,1
2,23,280,1139.96,2,4
2,24,280,522.49,1,1
2,26,280,1139.98,1,2
2,12,281,494.99,1,1
2,13,281,502.18,1,2
2,14,281,242.99,1,1
2,23,281,284.99,1,1
2,23,283,269.99,1,1
2,10,284,1440.57,1,1
2,13,284,242.99,1,1
2,21,284,674.97,2,3
2,23,284,239.99,1,1
2,24,284,511.49,1,1
2,25,284,929.98,1,2
2,8,285,1673.99,1,1
2,12,285,1044.98,1,2
2,14,285,458.98,2,2
2,19,285,853.1,1,2
2,23,285,557.98,1,2
2,10,287,1471.55,1,1
2,13,287,502.18,1,2
2,7,288,3719.99,1,1
2,25,288,449.99,1,1
2,26,288,479.99,1,1
2,2,289,1424.98,1,2
2,8,289,1709.99,1,1
2,10,289,2943.1,1,2
2,25,289,464.99,1,1
2,4,290,5509.98,1,2
2,23,290,479.98,1,2
2,17,291,386.1,1,1
2,13,292,242.99,1,1
2,22,292,512.98,1,2
2,5,293,1188.89,1,1
2,6,293,751.98,1,2
2,7,293,3719.99,1,1
2,8,293,1673.99,1,1
2,13,293,215.99,1,1
2,17,293,797.94,1,2
2,18,293,718.4,1,2
2,23,293,278.99,1,1
2,25,293,929.98,1,2
2,5,295,2377.78,1,2
2,7,295,3799.99,1,1
2,21,295,502.18,1,2
2,6,296,437.09,1,1
2,7,296,3799.99,1,1
2,16,296,539.99,1,1
2,18,296,718.4,1,2
2,23,296,569.98,1,2
2,4,297,5393.98,1,2
2,5,297,1056.79,1,1
2,10,297,1440.57,1,1
2,14,297,215.99,1,1
2,21,297,256.49,1,1
2,22,297,502.18,1,2
2,24,297,439.99,1,1
2,26,297,539.99,1,1
2,5,298,2377.78,1,2
2,12,298,439.99,1,1
2,16,298,1115.98,1,2
2,20,298,569.99,1,1
2,3,300,1799.98,1,2
2,8,300,1619.99,1,1
2,15,300,492.89,1,1
2,21,300,256.49,1,1
2,2,302,1424.98,1,2
2,4,302,2696.99,1,1
2,6,302,751.98,1,2
2,12,302,1022.98,1,2
2,21,302,512.98,1,2
2,2,303,697.49,1,1
2,4,303,2319.99,1,1
2,9,303,5699.98,1,2
2,10,303,1239.2,1,1
2,12,303,1484.97,2,3
2,16,303,959.98,1,2
2,17,303,797.94,1,2
2,21,303,512.98,1,2
2,24,303,989.98,1,2
2,25,303,474.99,1,1
2,9,307,5399.98,1,2
2,21,307,502.18,1,2
2,23,307,284.99,1,1
2,18,311,359.2,1,1
2,25,311,399.99,1,1
2,26,311,1139.98,1,2
2,3,312,949.99,1,1
2,7,312,3599.99,1,1
2,12,312,522.49,1,1
2,14,312,215.99,1,1
2,18,312,718.4,1,2
2,8,314,1619.99,1,1
2,17,314,815.1,1,2
2,18,314,835.14,1,2
2,8,316,1619.99,1,1
2,11,316,3126.64,1,2
2,2,317,599.99,1,1
2,4,317,2754.99,1,1
2,11,317,2689.58,1,2
2,15,317,847.98,1,2
2,16,317,569.99,1,1
2,18,317,404.1,1,1
2,19,317,718.4,1,2
2,23,317,239.99,1,1
2,24,317,439.99,1,1
2,26,317,557.99,1,1
2,7,318,3599.99,1,1
2,8,318,1439.99,1,1
2,20,318,1115.98,1,2
2,9,319,5399.98,1,2
2,10,319,1394.1,1,1
2,7,320,3719.99,1,1
2,9,320,2699.99,1,1
2,10,320,2881.14,1,2
2,16,320,557.99,1,1
2,21,320,512.98,1,2
2,16,323,569.99,1,1
2,26,323,1079.98,1,2
2,5,324,1254.94,1,1
2,15,324,1006.98,1,2
2,17,324,797.94,1,2
2,18,324,426.55,1,1
2,25,324,929.98,1,2
2,26,324,569.99,1,1
2,4,325,2319.99,1,1
2,6,325,845.98,1,2
2,13,325,485.98,1,2
2,15,325,423.99,1,1
2,19,325,426.55,1,1
2,9,326,2849.99,1,1
2,17,326,386.1,1,1
2,18,326,359.2,1,1
2,25,326,899.98,1,2
2,3,328,1599.98,1,2
2,11,328,1512.89,1,1
2,16,328,1139.98,2,2
2,18,328,417.57,1,1
2,24,328,1979.96,2,4
2,2,329,599.99,1,1
2,3,329,949.99,1,1
2,11,329,2689.58,1,2
2,13,329,485.98,1,2
2,11,331,3193.88,1,2
2,12,331,989.98,1,2
2,13,331,485.98,1,2
2,23,331,539.98,1,2
2,26,331,569.99,1,1
2,3,332,1599.98,1,2
2,8,332,2879.98,1,2
2,18,332,853.1,1,2
2,21,332,251.09,1,1
2,25,332,799.98,1,2
2,8,339,3347.98,1,2
2,10,339,1239.2,1,1
2,11,339,3025.78,1,2
2,12,339,1022.98,1,2
2,15,339,1828.46,3,4
2,18,339,718.4,1,2
2,19,339,417.57,1,1
2,22,339,256.49,1,1
2,23,339,758.97,2,3
2,2,341,2699.96,2,4
2,5,341,2377.78,1,2
2,8,341,3419.98,1,2
2,10,341,2881.14,1,2
2,15,341,1006.98,1,2
2,16,341,1709.97,2,3
2,18,341,835.14,1,2
2,20,341,557.99,1,1
2,21,341,485.98,1,2
2,23,341,239.99,1,1
2,24,341,494.99,1,1
2,25,341,949.98,1,2
2,5,342,2113.58,1,2
2,17,342,815.1,1,2
2,8,343,1673.99,1,1
2,17,343,686.4,1,2
2,25,343,949.98,1,2
2,4,344,4929.98,2,2
2,5,344,2457.04,1,2
2,12,344,1391.47,2,3
2,15,344,1006.98,1,2
2,18,344,835.14,1,2
2,26,344,1115.98,1,2
2,9,345,4799.98,1,2
2,10,345,2881.14,1,2
2,11,345,1344.79,1,1
2,13,345,431.98,1,2
2,19,345,417.57,1,1
2,25,345,949.98,1,2
2,6,346,751.98,1,2
2,11,346,2689.58,1,2
2,14,346,251.09,1,1
2,18,346,853.1,1,2
2,26,346,959.98,1,2
2,5,347,1188.89,1,1
2,7,347,3599.99,1,1
2,10,347,1440.57,1,1
2,22,347,485.98,1,2
2,3,348,929.99,1,1
2,8,348,1619.99,1,1
2,18,348,835.14,1,2
2,24,348,511.49,1,1
2,26,348,539.99,1,1
2,16,350,1115.98,1,2
2,13,351,242.99,1,1
2,14,351,242.99,1,1
2,17,351,398.97,1,1
2,20,351,479.99,1,1
2,9,352,5399.98,1,2
2,12,352,511.49,1,1
2,18,352,853.1,1,2
2,16,355,959.98,1,2
2,24,355,439.99,1,1
2,11,356,4689.96,2,3
2,15,356,847.98,1,2
2,17,356,772.2,1,2
2,5,357,2113.58,1,2
2,25,357,464.99,1,1
2,9,358,5579.98,1,2
2,10,358,1239.2,1,1
2,17,358,797.94,1,2
2,18,358,404.1,1,1
2,25,358,464.99,1,1
2,8,359,1673.99,1,1
2,14,359,431.98,1,2
2,16,359,557.99,1,1
2,21,359,512.98,1,2
2,22,359,251.09,1,1
2,9,360,4799.98,1,2
2,15,360,423.99,1,1
2,19,360,417.57,1,1
2,26,360,557.99,1,1
2,5,361,1254.94,1,1
2,18,361,808.2,1,2
2,21,361,502.18,1,2
2,25,361,449.99,1,1
2,6,362,446.49,1,1
2,11,362,3025.78,1,2
2,15,362,492.89,1,1
2,22,362,485.98,1,2
2,25,362,399.99,1,1
2,4,364,5509.98,1,2
2,12,364,494.99,1,1
2,4,365,2754.99,1,1
2,9,369,2699.99,1,1
2,106,369,809.98,1,2
2,53,370,1424.98,1,2
2,56,370,4399.99,1,1
2,103,370,524.39,1,1
2,15,372,492.89,1,1
2,30,372,929.99,1,1
2,32,372,437.09,1,1
2,61,372,8999.98,1,2
2,72,372,588.99,1,1
2,73,372,712.49,1,1
2,76,372,557.98,1,2
2,106,372,854.98,1,2
2,109,372,667.18,1,2
2,68,373,836.98,1,2
2,6,374,446.49,1,1
2,9,374,2789.99,1,1
2,21,374,502.18,1,2
2,42,374,4369.98,1,2
2,47,374,9857.98,1,2
2,99,374,278.99,1,1
2,13,375,242.99,1,1
2,24,375,511.49,1,1
2,25,375,929.98,1,2
2,79,377,362.69,1,1
2,85,377,313.49,1,1
2,94,377,474.98,1,2
2,102,377,930.98,1,2
2,9,380,2699.99,1,1
2,95,380,269.99,1,1
2,97,380,650.98,1,2
2,110,380,876.04,1,2
2,22,382,251.09,1,1
2,33,382,892.98,1,2
2,83,382,134.99,1,1
2,39,383,2789.98,1,2
2,42,383,4369.98,1,2
2,61,383,9299.98,1,2
2,70,383,626.99,1,1
2,22,384,512.98,1,2
2,29,384,1599.98,1,2
2,30,384,799.99,1,1
2,47,384,10069.98,1,2
2,59,384,4835.98,1,2
2,63,384,6509.98,1,2
2,5,386,1228.52,1,1
2,47,386,4928.99,1,1
2,50,386,4799.99,1,1
2,52,386,1629.34,1,2
2,101,386,543.98,1,2
2,25,387,949.98,1,2
2,39,387,1424.99,1,1
2,42,387,3679.98,1,2
2,58,387,4649.99,1,1
2,98,387,783.98,1,2
2,3,388,799.99,1,1
2,79,388,322.39,1,1
2,84,388,98.99,1,1
2,85,388,313.49,1,1
2,99,388,269.99,1,1
2,16,389,1115.98,1,2
2,72,389,576.59,1,1
2,28,390,2324.99,1,1
2,45,390,1652.98,1,2
2,104,390,771.18,1,2
2,108,390,404.99,1,1
2,4,391,2696.99,1,1
2,30,391,949.99,1,1
2,55,391,2159.99,1,1
2,69,391,396.14,1,1
2,109,391,775.6,1,2
2,48,392,2789.98,1,2
2,51,392,12089.98,1,2
2,96,392,559.98,1,2
2,26,393,959.98,1,2
2,7,394,7439.98,1,2
2,17,394,407.55,1,1
2,19,394,417.57,1,1
2,24,394,494.99,1,1
2,29,394,799.99,1,1
2,32,394,375.99,1,1
2,54,394,5759.98,1,2
2,70,394,527.99,1,1
2,75,394,557.99,1,1
2,89,394,398.98,1,2
2,91,394,664.98,1,2
2,104,394,896.5,1,2
2,105,394,993.22,1,2
2,2,395,1349.98,1,2
2,6,395,892.98,1,2
2,30,395,929.99,1,1
2,39,395,1199.99,1,1
2,60,395,2495.98,1,2
2,61,395,3999.99,1,1
2,63,395,3254.99,1,1
2,82,395,626.99,1,1
2,99,395,239.99,1,1
2,33,397,422.99,1,1
2,48,397,2849.98,1,2
2,56,397,15564.97,2,3
2,59,397,2469.99,1,1
2,98,397,783.98,1,2
2,107,397,396.14,1,1
2,16,398,479.99,1,1
2,19,398,718.4,1,2
2,30,398,899.99,1,1
2,88,398,303.98,1,2
2,104,398,385.59,1,1
2,8,399,1619.99,1,1
2,33,399,845.98,1,2
2,88,399,180.49,1,1
2,5,401,2377.78,1,2
2,20,401,479.99,1,1
2,23,401,569.98,1,2
2,55,401,4319.98,1,2
2,7,402,3599.99,1,1
2,45,402,809.09,1,1
2,57,402,3199.98,1,2
2,82,402,1187.98,1,2
2,88,402,353.38,1,2
2,4,405,4639.98,1,2
2,10,405,2943.1,1,2
2,45,405,1391.98,1,2
2,61,405,4499.99,1,1
2,62,405,2799.99,1,1
2,66,405,476.88,1,2
2,72,405,495.99,1,1
2,100,405,911.38,1,2
2,11,406,3025.78,1,2
2,26,406,1079.98,1,2
2,100,406,455.69,1,1
2,106,406,854.98,1,2
2,48,408,1394.99,1,1
2,55,408,5129.98,1,2
2,101,408,632.38,1,2
2,5,410,2509.88,1,2
2,28,410,2374.99,1,1
2,39,410,2399.98,1,2
2,42,410,2184.99,1,1
2,57,410,1599.99,1,1
2,60,410,2495.98,1,2
2,72,410,1177.98,1,2
2,95,410,479.98,1,2
2,92,411,335.98,1,2
2,4,412,5509.98,1,2
2,50,412,4799.99,1,1
2,56,412,10449.98,1,2
2,61,412,8999.98,1,2
2,79,412,362.69,1,1
2,93,412,558.57,2,3
2,111,412,847.78,1,2
2,6,413,422.99,1,1
2,33,413,375.99,1,1
2,40,413,9299.98,1,2
2,45,413,1618.18,1,2
2,64,413,881.98,1,2
2,73,413,1424.98,1,2
2,92,413,390.58,1,2
2,100,413,391.99,1,1
2,102,413,440.99,1,1
2,111,413,438.02,1,1
2,3,415,949.99,1,1
2,22,415,502.18,1,2
2,104,415,867.58,1,2
2,16,416,569.99,1,1
2,23,416,284.99,1,1
2,24,416,1022.98,1,2
2,55,416,2159.99,1,1
2,62,416,6299.98,1,2
2,64,416,391.99,1,1
2,75,416,479.99,1,1
2,77,416,1487.98,1,2
2,90,416,188.99,1,1
2,91,416,332.49,1,1
2,102,416,465.49,1,1
2,108,416,418.49,1,1
2,101,417,611.98,1,2
2,13,418,242.99,1,1
2,59,418,4939.98,1,2
2,79,418,362.69,1,1
2,96,418,650.98,1,2
2,4,423,5393.98,1,2
2,47,423,4928.99,1,1
2,55,423,2159.99,1,1
2,84,423,104.49,1,1
2,102,423,881.98,1,2
2,17,424,386.1,1,1
2,19,424,835.14,1,2
2,34,424,375.99,1,1
2,52,424,832.19,1,1
2,56,424,10449.98,1,2
2,62,424,5599.98,1,2
2,77,424,1487.98,1,2
2,3,425,799.99,1,1
2,11,425,1344.79,1,1
2,12,425,1022.98,1,2
2,19,425,359.2,1,1
2,81,425,1044.99,1,1
2,94,425,399.98,1,2
2,22,426,431.98,1,2
2,33,426,751.98,1,2
2,78,426,583.19,1,1
2,80,426,723.89,1,1
2,95,426,569.98,1,2
2,9,429,2399.99,1,1
2,24,429,522.49,1,1
2,28,429,2374.99,1,1
2,40,429,4649.99,1,1
2,79,429,322.39,1,1
2,7,430,6399.98,1,2
2,12,430,1044.98,1,2
2,31,430,3102.68,1,2
2,36,430,1499.38,1,2
2,66,430,200.79,1,1
2,95,430,278.99,1,1
2,105,430,993.22,1,2
2,17,431,815.1,1,2
2,64,431,440.99,1,1
2,95,431,269.99,1,1
2,21,432,502.18,1,2
2,29,432,1859.98,1,2
2,43,432,4928.99,1,1
2,52,432,1401.58,1,2
2,78,432,602.63,1,1
2,93,432,398.98,1,2
2,102,433,930.98,1,2
2,6,434,892.98,1,2
2,8,434,1619.99,1,1
2,29,434,929.99,1,1
2,31,434,1306.39,1,1
2,36,434,1549.36,1,2
2,41,434,2792.98,1,2
2,63,434,3149.99,1,1
2,76,434,239.99,1,1
2,77,434,1519.98,1,2
2,14,436,256.49,1,1
2,17,436,686.4,1,2
2,33,436,874.18,1,2
2,92,436,188.99,1,1
2,103,436,513.35,1,1
2,20,437,479.99,1,1
2,36,437,1582.68,1,2
2,39,437,1394.99,1,1
2,58,437,8999.98,1,2
2,65,437,329.64,1,1
2,73,437,712.49,1,1
2,2,438,599.99,1,1
2,5,438,1056.79,1,1
2,7,438,6399.98,1,2
2,28,438,1999.99,1,1
2,35,438,749.69,1,1
2,42,438,3679.98,1,2
2,71,438,375.29,1,1
2,7,440,6399.98,1,2
2,8,440,1439.99,1,1
2,16,440,959.98,1,2
2,20,440,1115.98,1,2
2,32,440,422.99,1,1
2,47,440,4239.99,1,1
2,57,440,5459.97,2,3
2,85,440,263.99,1,1
2,90,440,335.98,1,2
2,99,440,278.99,1,1
2,101,440,322.99,1,1
2,109,440,792.28,1,2
2,16,441,479.99,1,1
2,22,441,251.09,1,1
2,72,441,1115.98,1,2
2,80,443,723.89,1,1
2,62,444,6509.98,1,2
2,91,444,314.99,1,1
2,93,444,390.58,1,2
2,100,444,783.98,1,2
2,25,445,929.98,1,2
2,54,445,2559.99,1,1
2,2,447,599.99,1,1
2,16,447,959.98,1,2
2,30,447,949.99,1,1
2,39,447,1199.99,1,1
2,56,447,4399.99,1,1
2,17,448,398.97,1,1
2,28,448,2249.99,1,1
2,41,448,2792.98,1,2
2,60,448,1481.99,1,1
2,68,448,359.99,1,1
2,75,448,1139.98,1,2
2,95,448,1139.96,2,4
2,99,448,569.98,1,2
2,11,449,1563.32,1,1
2,54,449,6079.98,1,2
2,62,449,6299.98,1,2
2,69,449,396.14,1,1
2,74,449,395.99,1,1
2,6,452,892.98,1,2
2,52,452,788.39,1,1
2,54,452,2975.99,1,1
2,65,452,624.58,1,2
2,95,452,569.98,1,2
2,28,453,2374.99,1,1
2,30,453,949.99,1,1
2,36,453,1332.78,1,2
2,40,453,4499.99,1,1
2,6,454,892.98,1,2
2,24,454,522.49,1,1
2,32,454,437.09,1,1
2,33,454,751.98,1,2
2,50,454,11399.98,1,2
2,53,454,697.49,1,1
2,62,454,5599.98,1,2
2,89,454,335.98,1,2
2,3,455,1859.98,1,2
2,6,455,437.09,1,1
2,9,455,4799.98,1,2
2,16,455,479.99,1,1
2,21,455,431.98,1,2
2,77,455,1439.98,1,2
2,82,455,1055.98,1,2
2,91,455,650.98,1,2
2,93,455,377.98,1,2
2,97,455,279.99,1,1
2,18,456,426.55,1,1
2,19,456,853.1,1,2
2,26,456,479.99,1,1
2,78,456,583.19,1,1
2,85,456,313.49,1,1
2,92,456,377.98,1,2
2,96,456,664.98,1,2
2,40,457,3999.99,1,1
2,45,457,1618.18,1,2
2,54,457,2559.99,1,1
2,66,457,225.89,1,1
2,70,457,613.79,1,1
2,76,457,539.98,1,2
2,65,458,277.59,1,1
2,69,458,750.58,1,2
2,83,458,284.98,1,2
2,100,458,440.99,1,1
2,64,459,783.98,1,2
2,75,459,1079.98,1,2
2,19,460,853.1,1,2
2,44,460,1004.38,1,2
2,48,460,5699.96,2,4
2,85,460,313.49,1,1
2,103,460,524.39,1,1
2,105,460,993.22,1,2
2,6,461,375.99,1,1
2,70,461,1055.98,1,2
2,102,461,455.69,1,1
2,107,461,792.28,2,2
2,53,462,712.49,1,1
2,72,462,495.99,1,1
2,28,463,1999.99,1,1
2,36,463,749.69,1,1
2,41,463,1175.99,1,1
2,43,463,5034.99,1,1
2,45,463,1391.98,1,2
2,108,463,359.99,1,1
2,24,465,439.99,1,1
2,25,465,799.98,1,2
2,55,465,5021.98,1,2
2,103,465,441.59,1,1
2,105,465,961.18,1,2
2,11,467,1344.79,1,1
2,16,467,1079.98,1,2
2,27,467,929.99,1,1
2,45,467,695.99,1,1
2,54,467,3039.99,1,1
2,67,467,200.79,1,1
2,68,467,404.99,1,1
2,85,467,527.98,1,2
2,96,467,559.98,1,2
2,100,467,911.38,1,2
2,20,468,1139.98,1,2
2,21,468,256.49,1,1
2,54,468,2975.99,1,1
2,78,468,518.39,1,1
2,51,469,6174.99,1,1
2,87,469,303.98,1,2
2,97,469,314.99,1,1
2,108,469,719.98,1,2
2,10,470,1394.1,1,1
2,28,470,2249.99,1,1
2,65,470,645.4,1,2
2,100,470,930.98,1,2
2,9,471,2399.99,1,1
2,11,471,1344.79,1,1
2,22,471,485.98,1,2
2,27,471,929.99,1,1
2,42,471,2069.99,1,1
2,43,471,4928.99,1,1
2,81,471,2045.98,1,2
2,90,471,390.58,1,2
2,100,471,440.99,1,1
2,106,471,719.98,1,2
2,12,472,494.99,1,1
2,23,472,557.98,1,2
2,48,472,1199.99,1,1
2,63,472,6649.98,1,2
2,72,472,557.99,1,1
2,75,472,1079.98,1,2
2,79,472,749.56,1,2
2,81,472,989.99,1,1
2,83,472,239.98,1,2
2,16,473,959.98,1,2
2,26,473,1139.98,1,2
2,46,473,2678.98,1,2
2,47,473,4928.99,1,1
2,71,473,375.29,1,1
2,72,473,1177.98,1,2
2,73,473,1199.98,1,2
2,75,473,479.99,1,1
2,88,473,180.49,1,1
2,103,473,1026.7,1,2
2,41,474,2734.18,1,2
2,61,474,9499.98,1,2
2,88,474,303.98,1,2
2,93,474,195.29,1,1
2,100,474,783.98,1,2
2,30,476,799.99,1,1
2,93,476,199.49,1,1
2,18,478,404.1,1,1
2,87,478,170.99,1,1
2,89,478,167.99,1,1
2,93,478,335.98,1,2
2,38,479,1044.98,1,2
2,29,480,799.99,1,1
2,5,481,1056.79,1,1
2,13,481,242.99,1,1
2,14,481,737.07,2,3
2,36,481,1499.38,1,2
2,38,481,1022.98,1,2
2,45,481,1391.98,1,2
2,71,481,750.58,1,2
2,73,481,1394.98,1,2
2,6,483,446.49,1,1
2,14,483,502.18,1,2
2,24,483,879.98,1,2
2,25,483,399.99,1,1
2,58,483,9299.98,1,2
2,62,483,2799.99,1,1
2,95,483,569.98,1,2
2,13,484,215.99,1,1
2,37,484,341.99,1,1
2,65,484,659.28,1,2
2,93,484,377.98,1,2
2,13,485,502.18,1,2
2,34,485,446.49,1,1
2,67,485,466.84,1,2
2,80,485,708.65,1,1
2,88,485,151.99,1,1
2,109,485,750.58,1,2
2,7,487,3199.99,1,1
2,33,487,446.49,1,1
2,55,487,5129.98,1,2
2,63,487,3254.99,1,1
2,65,487,555.18,1,2
2,106,487,854.98,1,2
2,30,488,1599.98,1,2
2,38,488,494.99,1,1
2,106,488,359.99,1,1
2,107,488,792.28,1,2
2,32,489,845.98,1,2
2,27,490,1899.98,1,2
2,56,490,5224.99,1,1
2,73,490,674.99,1,1
2,77,490,1487.98,1,2
2,17,491,686.4,1,2
2,66,491,401.58,1,2
2,96,491,325.49,1,1
2,107,491,792.28,1,2
2,73,492,697.49,1,1
2,103,492,496.79,1,1
2,2,494,1394.98,1,2
2,5,494,1228.52,1,1
2,26,494,539.99,1,1
2,28,494,3999.98,1,2
2,66,494,200.79,1,1
2,82,494,613.79,1,1
2,83,494,239.98,1,2
2,95,494,269.99,1,1
2,100,494,783.98,1,2
2,57,495,3719.98,1,2
2,63,495,6509.98,1,2
2,108,495,719.98,1,2
2,5,497,2509.88,1,2
2,10,497,1394.1,1,1
2,21,497,512.98,1,2
2,44,497,512.99,1,1
2,46,497,2255.98,1,2
2,49,497,6649.98,1,2
2,69,497,775.6,1,2
2,50,499,11399.98,1,2
2,70,499,593.99,1,1
2,26,500,959.98,1,2
2,33,500,845.98,1,2
2,9,501,4799.98,1,2
2,16,501,1079.98,1,2
2,32,501,446.49,1,1
2,35,501,1499.38,1,2
2,36,501,749.69,1,1
2,50,501,16559.97,2,3
2,52,501,832.19,1,1
2,65,501,624.58,1,2
2,67,501,225.89,1,1
2,88,501,180.49,1,1
2,105,501,961.18,1,2
2,107,501,750.58,1,2
2,45,502,809.09,1,1
2,67,502,476.88,1,2
2,101,502,543.98,1,2
2,106,504,418.49,1,1
2,6,506,375.99,1,1
2,16,506,557.99,1,1
2,17,506,386.1,1,1
2,45,506,1391.98,1,2
2,57,506,3199.98,1,2
2,59,506,4679.98,1,2
2,69,506,775.6,1,2
2,12,507,439.99,1,1
2,38,507,1022.98,1,2
2,43,507,4928.99,1,1
2,50,507,4799.99,1,1
2,76,507,569.98,1,2
2,92,507,195.29,1,1
2,31,508,3037.36,1,2
2,48,508,2849.98,1,2
2,20,509,479.99,1,1
2,22,509,431.98,1,2
2,23,509,479.98,1,2
2,28,509,4649.98,1,2
2,42,509,3679.98,1,2
2,46,509,1339.49,1,1
2,62,509,6649.98,1,2
2,67,509,225.89,1,1
2,102,509,881.98,1,2
2,41,511,1175.99,1,1
2,94,511,224.99,1,1
2,102,511,881.98,1,2
2,23,512,269.99,1,1
2,49,512,2799.99,1,1
2,66,512,476.88,1,2
2,91,512,664.98,1,2
2,106,512,427.49,1,1
2,24,513,1044.98,1,2
2,90,513,377.98,1,2
2,2,514,697.49,1,1
2,42,514,1839.99,1,1
2,48,514,1394.99,1,1
2,64,514,465.49,1,1
2,92,514,167.99,1,1
2,7,516,3719.99,1,1
2,39,516,2789.98,1,2
2,44,516,485.99,1,1
2,76,516,284.99,1,1
2,78,516,615.59,1,1
2,80,516,1417.3,1,2
2,6,517,422.99,1,1
2,48,517,1349.99,1,1
2,68,517,359.99,1,1
2,73,517,599.99,1,1
2,74,517,835.98,1,2
2,75,517,1115.98,1,2
2,77,517,639.99,1,1
2,86,517,134.99,1,1
2,62,519,5599.98,1,2
2,97,519,325.49,1,1
2,24,522,522.49,1,1
2,63,522,6299.98,1,2
2,82,522,527.99,1,1
2,21,524,215.99,1,1
2,49,524,6509.98,1,2
2,74,524,417.99,1,1
2,75,524,1139.98,1,2
2,76,524,239.99,1,1
2,77,524,743.99,1,1
2,18,526,404.1,1,1
2,35,526,1582.68,1,2
2,48,526,1424.99,1,1
2,56,526,8799.98,1,2
2,61,526,4649.99,1,1
2,44,527,502.19,1,1
2,70,527,593.99,1,1
2,4,528,2754.99,1,1
2,5,528,1188.89,1,1
2,13,528,256.49,1,1
2,28,528,4649.98,1,2
2,51,528,12089.98,1,2
2,58,528,9299.98,1,2
2,66,528,200.79,1,1
2,107,528,667.18,1,2
2,108,528,809.98,1,2
2,25,530,399.99,1,1
2,35,530,1549.36,1,2
2,82,530,527.99,1,1
2,98,530,930.98,1,2
2,100,530,465.49,1,1
2,103,530,524.39,1,1
2,110,530,847.78,1,2
2,7,531,3599.99,1,1
2,22,531,431.98,1,2
2,34,531,892.98,1,2
2,44,531,971.98,1,2
2,50,531,11399.98,1,2
2,56,531,10229.98,1,2
2,62,531,3324.99,1,1
2,85,531,527.98,1,2
2,94,531,399.98,1,2
2,105,531,507.29,1,1
2,20,532,1079.98,1,2
2,23,532,479.98,1,2
2,72,532,991.98,1,2
2,92,532,335.98,1,2
2,101,532,271.99,1,1
2,20,533,1115.98,1,2
2,23,533,557.98,1,2
2,43,533,9539.98,1,2
2,56,533,5224.99,1,1
2,57,533,1899.99,1,1
2,59,533,2339.99,1,1
2,62,533,5599.98,1,2
2,4,534,5219.98,1,2
2,13,534,431.98,1,2
2,23,534,239.99,1,1
2,31,534,3037.36,1,2
2,43,534,4769.99,1,1
2,63,534,2799.99,1,1
2,73,534,1349.98,1,2
2,76,534,539.98,1,2
2,79,534,725.38,1,2
2,88,534,180.49,1,1
2,96,534,332.49,1,1
2,15,535,423.99,1,1
2,41,535,1396.49,1,1
2,48,535,2849.98,1,2
2,52,535,788.39,1,1
2,65,535,322.7,1,1
2,72,535,557.99,1,1
2,73,535,1424.98,1,2
2,83,535,269.98,1,2
2,4,536,2696.99,1,1
2,64,536,911.38,1,2
2,65,536,645.4,1,2
2,74,537,351.99,1,1
2,90,537,545.97,2,3
2,10,538,2943.1,1,2
2,61,538,9499.98,1,2
2,66,538,200.79,1,1
2,77,538,1519.98,1,2
2,87,538,322.98,2,2
2,103,538,441.59,1,1
2,48,539,2699.98,1,2
2,54,539,5759.98,1,2
2,68,539,404.99,1,1
2,85,539,296.99,1,1
2,63,540,3254.99,1,1
2,100,540,391.99,1,1
2,4,541,5219.98,1,2
2,28,541,4499.98,1,2
2,47,541,10069.98,1,2
2,71,541,387.8,1,1
2,110,542,753.58,1,2
2,12,543,989.98,1,2
2,25,543,799.98,1,2
2,27,543,949.99,1,1
2,52,543,2277.57,2,3
2,55,543,2564.99,1,1
2,69,543,792.28,1,2
2,71,543,667.18,1,2
2,80,543,1447.78,1,2
2,106,543,854.98,1,2
2,108,543,854.98,1,2
2,12,544,494.99,1,1
2,20,544,959.98,1,2
2,63,544,3149.99,1,1
2,68,544,778.48,2,2
2,81,544,3805.96,2,4
2,88,544,180.49,1,1
2,111,544,376.79,1,1
2,5,547,2457.04,1,2
2,26,547,1115.98,1,2
2,59,547,2079.99,1,1
2,78,547,1846.77,2,3
2,87,547,170.99,1,1
2,5,549,1188.89,1,1
2,12,549,1022.98,1,2
2,27,549,899.99,1,1
2,35,549,666.39,1,1
2,38,549,511.49,1,1
2,70,549,593.99,1,1
2,84,549,204.58,1,2
2,99,549,284.99,1,1
2,6,551,751.98,1,2
2,14,551,485.98,1,2
2,29,551,899.99,1,1
2,91,551,314.99,1,1
2,7,554,3799.99,1,1
2,20,554,479.99,1,1
2,45,554,809.09,1,1
2,101,554,543.98,1,2
2,102,554,440.99,1,1
2,37,556,683.98,1,2
2,45,556,695.99,1,1
2,66,556,233.42,1,1
2,14,558,502.18,1,2
2,86,558,278.98,1,2
2,105,558,854.38,1,2
2,19,559,835.14,1,2
2,26,559,1139.98,1,2
2,29,559,1899.98,1,2
2,65,559,659.28,1,2
2,70,559,1227.58,1,2
2,105,559,427.19,1,1
2,106,559,427.49,1,1
2,111,559,423.89,1,1
2,45,560,1652.98,1,2
2,58,560,4499.99,1,1
2,72,560,588.99,1,1
2,111,560,438.02,1,1
2,34,561,892.98,1,2
2,36,561,1499.38,1,2
2,51,561,12349.98,1,2
2,14,562,431.98,1,2
2,20,562,557.99,1,1
2,46,562,1268.99,1,1
2,56,562,10229.98,1,2
2,65,562,312.29,1,1
2,68,562,404.99,1,1
2,81,562,1979.98,1,2
2,99,562,269.99,1,1
2,2,563,674.99,1,1
2,11,563,1596.94,1,1
2,26,563,479.99,1,1
2,71,563,333.59,1,1
2,76,563,239.99,1,1
2,85,563,593.98,1,2
2,95,563,278.99,1,1
2,106,563,809.98,1,2
2,8,565,1673.99,1,1
2,64,565,391.99,1,1
2,6,566,845.98,1,2
2,13,566,215.99,1,1
2,45,566,1652.98,1,2
2,59,566,2469.99,1,1
2,60,566,2963.98,1,2
2,73,566,1199.98,1,2
2,81,566,1979.98,1,2
2,97,566,279.99,1,1
2,101,566,611.98,1,2
2,18,567,718.4,1,2
2,77,567,1439.98,1,2
2,82,567,1055.98,1,2
2,89,567,195.29,1,1
2,100,567,391.99,1,1
2,30,569,899.99,1,1
2,37,569,360.99,1,1
2,52,569,700.79,1,1
2,76,569,557.98,1,2
2,91,569,279.99,1,1
2,93,569,335.98,1,2
2,97,569,629.98,1,2
2,5,570,1228.52,1,1
2,15,570,503.49,1,1
2,23,570,557.98,1,2
2,28,570,4749.98,1,2
2,33,570,375.99,1,1
2,39,570,1349.99,1,1
2,43,570,9539.98,1,2
2,46,570,1268.99,1,1
2,49,570,6509.98,1,2
2,65,570,322.7,1,1
2,66,570,476.88,1,2
2,89,570,195.29,1,1
2,91,570,605.48,2,2
2,96,570,629.98,1,2
2,98,570,783.98,1,2
2,102,570,440.99,1,1
2,104,570,385.59,1,1
2,14,573,512.98,1,2
2,95,573,539.98,1,2
2,10,574,1239.2,1,1
2,35,574,1499.38,1,2
2,41,574,1175.99,1,1
2,108,574,359.99,1,1
2,111,574,847.78,1,2
2,10,576,2788.2,1,2
2,27,576,949.99,1,1
2,72,576,557.99,1,1
2,8,577,3239.98,1,2
2,11,577,3126.64,1,2
2,12,577,439.99,1,1
2,17,577,386.1,1,1
2,18,577,853.1,1,2
2,21,577,256.49,1,1
2,26,577,557.99,1,1
2,27,577,1859.98,1,2
2,55,577,4859.98,1,2
2,60,577,2807.98,1,2
2,65,577,555.18,1,2
2,76,577,278.99,1,1
2,96,577,279.99,1,1
2,101,577,305.99,1,1
2,109,577,750.58,1,2
2,3,578,929.99,1,1
2,9,578,2789.99,1,1
2,65,578,555.18,1,2
2,74,578,818.38,1,2
2,83,578,142.49,1,1
2,84,578,208.98,1,2
2,92,578,195.29,1,1
2,18,580,718.4,1,2
2,61,582,9299.98,1,2
2,89,582,188.99,1,1
2,94,582,449.98,1,2
2,20,584,557.99,1,1
2,23,584,269.99,1,1
2,55,584,4859.98,1,2
2,97,585,629.98,1,2
2,3,586,1799.98,1,2
2,37,586,341.99,1,1
2,94,586,237.49,1,1
2,7,588,3799.99,1,1
2,23,588,479.98,1,2
2,26,588,2075.96,2,4
2,46,588,1127.99,1,1
2,49,588,6649.98,1,2
2,68,588,404.99,1,1
2,73,588,1424.98,1,2
2,103,588,524.39,1,1
2,16,589,569.99,1,1
2,36,589,1499.38,1,2
2,3,590,949.99,1,1
2,12,590,989.98,1,2
2,43,590,9857.98,1,2
2,60,590,1247.99,1,1
2,83,590,269.98,1,2
2,97,590,332.49,1,1
2,98,590,930.98,1,2
2,101,590,543.98,1,2
2,105,590,427.19,1,1
2,29,591,1899.98,1,2
2,43,591,4769.99,1,1
2,103,591,513.35,1,1
2,7,592,3599.99,1,1
2,13,592,251.09,1,1
2,46,592,2678.98,1,2
2,5,593,1254.94,1,1
2,7,593,3719.99,1,1
2,11,593,3126.64,1,2
2,12,593,439.99,1,1
2,13,593,256.49,1,1
2,14,593,251.09,1,1
2,19,593,404.1,1,1
2,30,593,1899.98,1,2
2,61,593,8999.98,1,2
2,111,593,753.58,1,2
2,6,595,751.98,1,2
2,9,595,4799.98,1,2
2,12,595,494.99,1,1
2,15,595,1006.98,1,2
2,18,595,808.2,1,2
2,45,595,1391.98,1,2
2,46,595,1268.99,1,1
2,48,595,2789.98,1,2
2,49,595,5599.98,1,2
2,63,595,3254.99,1,1
2,72,595,1115.98,1,2
2,74,595,818.38,1,2
2,82,595,527.99,1,1
2,87,595,303.98,1,2
2,93,595,188.99,1,1
2,94,595,237.49,1,1
2,103,595,1048.78,1,2
2,109,595,387.8,1,1
2,110,595,376.79,1,1
2,13,596,251.09,1,1
2,20,596,479.99,1,1
2,81,596,879.99,1,1
2,10,597,2788.2,1,2
2,15,597,492.89,1,1
2,31,597,1306.39,1,1
2,32,597,751.98,1,2
2,40,597,4499.99,1,1
2,50,597,5699.99,1,1
2,52,597,1576.78,1,2
2,59,597,2339.99,1,1
2,60,597,5459.96,2,4
2,70,597,1227.58,1,2
2,72,597,991.98,1,2
2,73,597,1394.98,1,2
2,76,597,557.98,1,2
2,86,597,142.49,1,1
2,87,597,176.69,1,1
2,89,597,377.98,1,2
2,95,597,269.99,1,1
2,102,597,455.69,1,1
2,29,598,1599.98,1,2
2,33,598,375.99,1,1
2,61,598,4649.99,1,1
2,65,598,555.18,1,2
2,77,598,1439.98,1,2
2,5,599,1056.79,1,1
2,10,599,2881.14,1,2
2,30,599,949.99,1,1
2,60,599,1403.99,1,1
2,65,599,645.4,1,2
2,67,599,225.89,1,1
2,70,599,626.99,1,1
2,81,599,2089.98,1,2
2,98,599,783.98,1,2
2,108,599,418.49,1,1
2,19,602,404.1,1,1
2,56,602,4949.99,1,1
2,97,602,332.49,1,1
2,11,603,1512.89,1,1
2,24,603,494.99,1,1
2,71,603,375.29,1,1
2,107,603,333.59,1,1
2,19,605,359.2,1,1
2,35,605,1582.68,1,2
2,98,605,911.38,1,2
2,99,605,284.99,1,1
2,106,605,836.98,1,2
2,9,606,5399.98,1,2
2,12,606,522.49,1,1
2,13,606,512.98,1,2
2,46,606,1311.29,1,1
2,64,606,440.99,1,1
2,89,606,377.98,1,2
2,51,607,6174.99,1,1
2,91,607,325.49,1,1
2,105,607,496.61,1,1
2,46,609,2255.98,1,2
2,106,609,359.99,1,1
2,17,610,386.1,1,1
2,43,610,4928.99,1,1
2,70,610,1187.98,1,2
2,80,610,708.65,1,1
2,41,611,2351.98,1,2
2,43,611,4239.99,1,1
2,96,611,314.99,1,1
2,72,612,1115.98,1,2
2,14,613,215.99,1,1
2,24,613,511.49,1,1
2,56,613,4949.99,1,1
2,66,613,451.78,1,2
2,95,613,284.99,1,1
2,5,614,2377.78,1,2
2,9,614,5399.98,1,2
2,42,614,2138.99,1,1
2,71,614,792.28,1,2
2,87,614,353.38,1,2
2,52,615,700.79,1,1
2,106,615,418.49,1,1
2,49,616,6299.98,1,2
2,50,616,11159.98,1,2
2,91,616,650.98,1,2
2,97,616,559.98,1,2
2,11,617,3126.64,1,2
2,29,617,949.99,1,1
2,37,617,683.98,1,2
2,47,617,8479.98,1,2
2,50,617,5579.99,1,1
2,51,617,11699.98,1,2
2,55,617,4319.98,1,2
2,91,617,279.99,1,1
2,30,619,1899.98,1,2
2,31,619,1518.68,1,1
2,92,619,390.58,1,2
2,93,619,195.29,1,1
2,94,619,199.99,1,1
2,11,620,3025.78,1,2
2,110,620,894.88,1,2
2,9,621,5579.98,1,2
2,41,621,2792.98,1,2
2,49,621,5599.98,1,2
2,53,621,674.99,1,1
2,72,621,557.99,1,1
2,61,622,8999.98,1,2
2,65,622,645.4,1,2
2,16,623,1139.98,1,2
2,21,623,242.99,1,1
2,24,623,511.49,1,1
2,32,623,874.18,1,2
2,81,623,2045.98,1,2
2,10,624,1239.2,1,1
2,23,624,539.98,1,2
2,37,624,303.99,1,1
2,44,624,512.99,1,1
2,65,624,659.28,1,2
2,96,624,650.98,1,2
2,56,626,4399.99,1,1
2,61,626,9499.98,1,2
2,71,626,667.18,1,2
2,4,628,5509.98,1,2
2,10,628,1394.1,1,1
2,16,628,569.99,1,1
2,17,628,398.97,1,1
2,36,628,2249.07,2,3
2,43,628,5034.99,1,1
2,51,628,5849.99,1,1
2,62,628,2799.99,1,1
2,90,628,335.98,1,2
2,97,628,314.99,1,1
2,101,628,645.98,1,2
2,105,629,480.59,1,1
2,88,633,176.69,1,1
2,11,634,1344.79,1,1
2,22,634,251.09,1,1
2,36,634,774.68,1,1
2,39,634,2849.98,1,2
2,64,634,391.99,1,1
2,77,634,1519.98,1,2
2,82,634,1141.78,2,2
2,94,634,449.98,1,2
2,105,634,993.22,1,2
2,48,636,1424.99,1,1
2,58,636,4749.99,1,1
2,85,636,263.99,1,1
2,94,636,224.99,1,1
2,98,636,911.38,1,2
2,21,637,485.98,1,2
2,29,637,949.99,1,1
2,91,637,332.49,1,1
2,104,637,896.5,1,2
2,24,638,522.49,1,1
2,58,638,4649.99,1,1
2,91,638,559.98,1,2
2,6,639,1738.96,2,4
2,17,639,343.2,1,1
2,35,639,774.68,1,1
2,60,639,1450.79,1,1
2,67,639,401.58,1,2
2,68,639,854.98,1,2
2,77,639,1519.98,1,2
2,86,639,142.49,1,1
2,103,639,496.79,1,1
2,111,639,894.88,1,2
2,8,640,1439.99,1,1
2,12,640,1044.98,1,2
2,22,640,215.99,1,1
2,29,640,1799.98,1,2
2,38,640,511.49,1,1
2,40,640,7999.98,1,2
2,41,640,1396.49,1,1
2,44,640,1025.98,1,2
2,53,640,1349.98,1,2
2,63,640,6649.98,1,2
2,71,640,750.58,1,2
2,78,640,615.59,1,1
2,86,640,134.99,1,1
2,88,640,151.99,1,1
2,103,640,1048.78,1,2
2,65,641,645.4,1,2
2,68,641,418.49,1,1
2,103,642,1026.7,1,2
2,15,643,1006.98,1,2
2,23,643,539.98,1,2
2,51,643,6044.99,1,1
2,82,643,527.99,1,1
2,107,643,667.18,1,2
2,10,644,2881.14,1,2
2,15,644,476.99,1,1
2,47,644,10069.98,1,2
2,62,644,6299.98,1,2
2,92,644,390.58,1,2
2,94,644,399.98,1,2
2,78,646,1205.26,1,2
2,104,646,385.59,1,1
2,6,647,437.09,1,1
2,17,647,398.97,1,1
2,68,647,427.49,1,1
2,95,647,239.99,1,1
2,103,647,883.18,1,2
2,106,647,404.99,1,1
2,110,647,753.58,1,2
2,3,648,949.99,1,1
2,9,648,2849.99,1,1
2,20,648,569.99,1,1
2,58,648,9299.98,1,2
2,65,648,277.59,1,1
2,35,652,749.69,1,1
2,49,652,6299.98,1,2
2,98,652,440.99,1,1
2,6,653,892.98,1,2
2,16,653,1139.98,1,2
2,19,653,835.14,1,2
2,21,653,251.09,1,1
2,27,653,799.99,1,1
2,48,653,2699.98,1,2
2,49,653,3254.99,1,1
2,63,653,9099.97,2,3
2,71,653,396.14,1,1
2,80,653,1828.77,2,3
2,106,653,404.99,1,1
2,4,654,2609.99,1,1
2,36,654,1499.38,1,2
2,40,654,8999.98,1,2
2,53,654,1349.98,1,2
2,55,654,2510.99,1,1
2,66,654,451.78,1,2
2,79,654,374.78,1,1
2,87,654,341.98,1,2
2,91,654,559.98,1,2
2,102,654,881.98,1,2
2,71,655,387.8,1,1
2,24,656,989.98,1,2
2,27,656,949.99,1,1
2,37,656,607.98,1,2
2,40,656,8999.98,1,2
2,83,656,284.98,1,2
2,88,656,353.38,1,2
2,89,656,377.98,1,2
2,100,656,455.69,1,1
2,52,658,814.67,1,1
2,53,658,697.49,1,1
2,9,660,5699.98,1,2
2,13,660,251.09,1,1
2,106,660,719.98,1,2
2,108,660,854.98,1,2
2,105,661,507.29,1,1
2,13,662,256.49,1,1
2,17,662,815.1,1,2
2,19,662,718.4,1,2
2,26,662,479.99,1,1
2,42,662,3679.98,1,2
2,95,662,278.99,1,1
2,84,663,208.98,1,2
2,6,664,874.18,1,2
2,37,664,706.78,1,2
2,55,664,2564.99,1,1
2,12,665,439.99,1,1
2,13,665,485.98,1,2
2,23,665,278.99,1,1
2,29,665,799.99,1,1
2,65,665,645.4,1,2
2,73,665,697.49,1,1
2,86,665,239.98,1,2
2,87,665,176.69,1,1
2,89,665,195.29,1,1
2,97,665,332.49,1,1
2,103,665,496.79,1,1
2,104,665,457.89,1,1
2,15,666,847.98,1,2
2,37,666,706.78,1,2
2,39,666,2849.98,1,2
2,59,666,2469.99,1,1
2,68,666,836.98,1,2
2,74,666,395.99,1,1
2,92,666,167.99,1,1
2,93,666,188.99,1,1
2,108,666,719.98,1,2
2,7,667,3199.99,1,1
2,9,667,5699.98,1,2
2,10,667,2881.14,1,2
2,19,667,359.2,1,1
2,22,667,256.49,1,1
2,43,667,4769.99,1,1
2,54,667,3039.99,1,1
2,64,667,881.98,1,2
2,67,667,401.58,1,2
2,73,667,2062.47,2,3
2,77,667,1439.98,1,2
2,106,667,854.98,1,2
2,110,667,876.04,1,2
2,17,669,797.94,1,2
2,40,669,7999.98,1,2
2,62,669,6299.98,1,2
2,38,670,989.98,1,2
2,42,670,4139.98,1,2
2,47,670,9539.98,1,2
2,49,670,2799.99,1,1
2,81,670,2089.98,1,2
2,85,670,527.98,1,2
2,97,670,650.98,1,2
2,100,670,465.49,1,1
2,103,672,524.39,1,1
2,32,673,375.99,1,1
2,51,673,5849.99,1,1
2,62,673,3254.99,1,1
2,108,673,427.49,1,1
2,8,674,1673.99,1,1
2,11,674,3126.64,1,2
2,20,674,1139.98,1,2
2,26,674,569.99,1,1
2,42,674,5749.97,2,3
2,44,674,502.19,1,1
2,51,674,6044.99,1,1
2,55,674,4319.98,1,2
2,77,674,1519.98,1,2
2,90,674,335.98,1,2
2,92,674,167.99,1,1
2,101,674,271.99,1,1
2,32,675,845.98,1,2
2,38,675,1022.98,1,2
2,70,675,613.79,1,1
2,75,675,1139.98,1,2
2,55,676,2159.99,1,1
2,61,676,8999.98,1,2
2,87,676,303.98,1,2
2,7,677,3599.99,1,1
2,56,677,10229.98,1,2
2,71,677,775.6,1,2
2,32,678,892.98,1,2
2,60,678,1450.79,1,1
2,91,678,314.99,1,1
2,14,679,242.99,1,1
2,15,679,847.98,1,2
2,34,679,845.98,1,2
2,36,679,791.34,1,1
2,40,679,4499.99,1,1
2,91,679,314.99,1,1
2,99,679,479.98,1,2
2,101,679,305.99,1,1
2,15,680,847.98,1,2
2,23,680,569.98,1,2
2,57,680,1899.99,1,1
2,71,680,792.28,1,2
2,74,680,417.99,1,1
2,77,680,1519.98,1,2
2,107,680,750.58,1,2
2,10,681,1440.57,1,1
2,27,681,929.99,1,1
2,44,681,502.19,1,1
2,70,681,527.99,1,1
2,94,681,237.49,1,1
2,33,682,437.09,1,1
2,37,682,683.98,1,2
2,38,682,1022.98,1,2
2,45,682,695.99,1,1
2,13,683,242.99,1,1
2,45,683,1618.18,1,2
2,46,683,1339.49,1,1
2,78,683,1036.78,1,2
2,6,687,845.98,1,2
2,20,687,1139.98,1,2
2,61,687,3999.99,1,1
2,62,687,3324.99,1,1
2,66,687,451.78,1,2
2,78,687,1231.18,1,2
2,104,687,457.89,1,1
2,21,688,251.09,1,1
2,25,688,899.98,1,2
2,80,688,609.59,1,1
2,88,688,151.99,1,1
2,91,688,279.99,1,1
2,4,689,2609.99,1,1
2,14,689,431.98,1,2
2,17,689,772.2,1,2
2,26,689,1139.98,1,2
2,30,689,1899.98,1,2
2,41,689,1396.49,1,1
2,43,689,8479.98,1,2
2,44,689,863.98,1,2
2,53,689,712.49,1,1
2,61,689,4749.99,1,1
2,82,689,626.99,1,1
2,100,689,440.99,1,1
2,94,690,449.98,1,2
2,99,690,569.98,1,2
2,19,691,359.2,1,1
2,60,691,1403.99,1,1
2,8,692,1619.99,1,1
2,66,692,225.89,1,1
2,19,693,808.2,1,2
2,37,693,353.39,1,1
2,42,693,2069.99,1,1
2,43,693,9857.98,1,2
2,45,693,695.99,1,1
2,52,693,832.19,1,1
2,62,693,3324.99,1,1
2,73,693,599.99,1,1
2,77,693,743.99,1,1
2,88,693,303.98,1,2
2,100,693,465.49,1,1
2,29,694,1599.98,1,2
2,41,694,2645.98,1,2
2,52,694,832.19,1,1
2,72,694,1153.18,1,2
2,77,694,1487.98,1,2
2,101,694,316.19,1,1
2,27,695,929.99,1,1
2,45,695,782.99,1,1
2,48,695,1199.99,1,1
2,90,695,167.99,1,1
2,95,695,284.99,1,1
2,108,695,359.99,1,1
2,4,696,4639.98,1,2
2,7,696,3199.99,1,1
2,54,696,2559.99,1,1
2,111,696,423.89,1,1
2,16,697,959.98,1,2
2,20,697,557.99,1,1
2,25,697,899.98,1,2
2,32,697,874.18,1,2
2,50,697,11159.98,1,2
2,58,697,3999.99,1,1
2,71,697,750.58,1,2
2,86,697,139.49,1,1
2,87,697,353.38,1,2
2,95,697,557.98,1,2
2,81,698,989.99,1,1
2,18,700,718.4,1,2
2,24,700,879.98,1,2
2,42,700,2184.99,1,1
2,58,700,3999.99,1,1
2,78,700,1036.78,1,2
2,4,701,2609.99,1,1
2,9,701,11099.96,2,4
2,11,701,1344.79,1,1
2,32,701,422.99,1,1
2,56,701,8799.98,1,2
2,93,701,398.98,1,2
2,103,701,993.58,1,2
2,36,702,791.34,1,1
2,49,702,6649.98,1,2
2,75,702,569.99,1,1
2,50,703,9599.98,1,2
2,111,703,447.44,1,1
2,4,704,5509.98,1,2
2,6,704,422.99,1,1
2,7,704,3599.99,1,1
2,8,704,1709.99,1,1
2,11,704,1344.79,1,1
2,32,704,422.99,1,1
2,61,704,9499.98,1,2
2,69,704,667.18,1,2
2,78,704,1205.26,1,2
2,81,704,2925.97,2,3
2,87,704,176.69,1,1
2,93,704,188.99,1,1
2,101,704,316.19,1,1
2,109,704,667.18,1,2
2,36,708,791.34,1,1
2,75,708,1139.98,1,2
2,92,708,377.98,1,2
2,57,709,1799.99,1,1
2,58,709,9499.98,1,2
2,38,710,1022.98,1,2
2,70,710,613.79,1,1
2,74,710,835.98,1,2
2,88,710,341.98,1,2
2,5,711,2113.58,1,2
2,52,711,832.19,1,1
2,61,711,3999.99,1,1
2,43,714,5034.99,1,1
2,51,714,12349.98,1,2
2,104,714,896.5,1,2
2,58,715,9499.98,1,2
2,101,715,632.38,1,2
2,17,716,407.55,1,1
2,20,716,1079.98,1,2
2,24,716,989.98,1,2
2,38,716,522.49,1,1
2,56,716,10229.98,1,2
2,63,716,5599.98,1,2
2,73,716,674.99,1,1
2,80,716,723.89,1,1
2,96,716,314.99,1,1
2,99,716,569.98,1,2
2,102,716,391.99,1,1
2,108,716,404.99,1,1
2,9,717,2789.99,1,1
2,11,717,1596.94,1,1
2,85,717,263.99,1,1
2,91,717,664.98,1,2
2,9,720,5579.98,1,2
2,42,720,1839.99,1,1
2,45,720,695.99,1,1
2,81,720,2045.98,1,2
2,103,720,1048.78,1,2
2,14,722,502.18,1,2
2,32,722,437.09,1,1
2,54,722,3039.99,1,1
2,56,722,4399.99,1,1
2,65,722,329.64,1,1
2,69,722,333.59,1,1
2,87,722,303.98,1,2
2,27,724,1799.98,1,2
2,42,724,2069.99,1,1
2,45,724,1618.18,1,2
2,69,724,375.29,1,1
2,52,725,814.67,1,1
2,72,725,1177.98,1,2
2,94,725,224.99,1,1
2,62,727,5599.98,1,2
2,75,727,557.99,1,1
2,82,727,1055.98,1,2
2,91,727,279.99,1,1
2,92,727,195.29,1,1
2,111,727,376.79,1,1
2,20,731,569.99,1,1
2,27,731,1859.98,1,2
2,28,731,4749.98,1,2
2,70,731,626.99,1,1
2,104,731,915.78,1,2
2,3,732,799.99,1,1
2,66,732,225.89,1,1
2,120,732,3999.98,1,2
2,235,732,809.99,1,1
2,48,733,2699.98,1,2
2,129,733,1655.98,1,2
2,151,733,2882.98,1,2
2,180,733,735.99,1,1
2,228,733,297.59,1,1
2,235,733,1619.98,1,2
2,241,733,697.49,1,1
2,247,733,539.99,1,1
2,311,733,674.99,1,1
2,102,735,930.98,1,2
2,230,735,687.98,1,2
2,232,735,383.99,1,1
2,243,735,1291.98,1,2
2,282,735,251.99,1,1
2,145,736,3239.98,1,2
2,253,736,2469.99,1,1
2,290,736,351.49,1,1
2,300,736,639.99,1,1
2,93,737,398.98,1,2
2,179,737,1711.18,1,2
2,296,737,295.99,1,1
2,298,737,251.99,1,1
2,13,738,256.49,1,1
2,42,738,2184.99,1,1
2,84,738,197.98,1,2
2,138,738,4274.98,1,2
2,160,738,8369.98,1,2
2,203,738,9499.98,1,2
2,153,740,4499.99,1,1
2,169,741,12089.98,1,2
2,56,743,8799.98,1,2
2,60,743,1481.99,1,1
2,66,743,476.88,1,2
2,215,743,1394.98,1,2
2,234,743,1709.98,1,2
2,270,743,199.49,1,1
2,3,744,929.99,1,1
2,61,744,4649.99,1,1
2,65,744,555.18,1,2
2,77,744,1487.98,1,2
2,99,744,284.99,1,1
2,103,744,883.18,1,2
2,184,744,5599.98,1,2
2,206,744,2969.99,1,1
2,244,744,531.99,1,1
2,2,745,1199.98,1,2
2,40,745,7999.98,1,2
2,164,745,2478.4,1,2
2,172,745,6079.98,1,2
2,13,746,431.98,1,2
2,138,746,4274.98,1,2
2,159,746,2184.99,1,1
2,168,746,2478.4,1,2
2,184,746,2799.99,1,1
2,205,746,9299.98,1,2
2,250,746,2417.99,1,1
2,253,746,2417.99,1,1
2,305,746,674.99,1,1
2,52,747,1576.78,1,2
2,86,747,239.98,1,2
2,100,747,465.49,1,1
2,133,747,1349.99,1,1
2,136,747,1439.99,1,1
2,282,747,503.98,1,2
2,297,747,447.98,1,2
2,86,748,284.98,1,2
2,107,748,792.28,1,2
2,233,748,595.19,1,1
2,300,748,639.99,1,1
2,149,750,5999.99,1,1
2,253,750,2417.99,1,1
2,297,750,251.99,1,1
2,313,750,809.98,1,2
2,60,751,1247.99,1,1
2,130,751,735.99,1,1
2,145,751,2879.98,1,2
2,31,753,1551.34,1,1
2,153,753,4749.99,1,1
2,163,753,2158.4,1,2
2,307,753,1394.98,1,2
2,4,754,4639.98,1,2
2,27,754,1599.98,1,2
2,204,754,6695.98,1,2
2,66,755,451.78,1,2
2,58,756,4649.99,1,1
2,78,756,602.63,1,1
2,110,756,438.02,1,1
2,144,756,1441.49,1,1
2,152,756,2249.99,1,1
2,155,756,21599.98,1,2
2,236,756,712.49,1,1
2,115,757,2879.99,1,1
2,128,757,3038.4,1,2
2,200,757,3254.99,1,1
2,66,758,225.89,1,1
2,113,758,911.38,1,2
2,186,758,3599.99,1,1
2,7,759,3719.99,1,1
2,89,759,377.98,1,2
2,134,759,1349.99,1,1
2,208,759,2879.98,1,2
2,213,759,512.98,1,2
2,8,760,2879.98,1,2
2,223,760,985.78,1,2
2,283,760,511.98,1,2
2,307,760,697.49,1,1
2,48,763,1394.99,1,1
2,130,763,873.99,1,1
2,153,763,9499.98,1,2
2,188,763,6509.98,1,2
2,15,764,476.99,1,1
2,118,764,899.99,1,1
2,263,764,161.98,1,2
2,214,767,1619.98,1,2
2,274,767,367.98,1,2
2,81,768,2089.98,1,2
2,135,768,1394.99,1,1
2,225,768,863.99,1,1
2,232,768,383.99,1,1
2,238,768,599.99,1,1
2,32,770,437.09,1,1
2,89,770,188.99,1,1
2,97,770,332.49,1,1
2,142,770,5759.98,1,2
2,106,771,404.99,1,1
2,251,771,2699.99,1,1
2,85,773,593.98,1,2
2,171,773,6079.98,1,2
2,227,773,297.59,1,1
2,27,774,1899.98,1,2
2,41,774,2792.98,1,2
2,104,774,457.89,1,1
2,147,774,3239.98,1,2
2,306,774,809.99,1,1
2,87,775,303.98,1,2
2,223,775,985.78,1,2
2,240,775,1709.98,1,2
2,277,775,295.99,1,1
2,295,775,511.98,1,2
2,47,776,10069.98,1,2
2,82,776,613.79,1,1
2,92,776,195.29,1,1
2,268,776,303.98,1,2
2,7,777,3799.99,1,1
2,57,777,1899.99,1,1
2,78,777,1166.38,1,2
2,127,777,845.98,1,2
2,139,777,2789.99,1,1
2,181,777,1759.99,1,1
2,249,777,712.49,1,1
2,28,778,2374.99,1,1
2,127,778,874.18,1,2
2,210,778,2478.4,1,2
2,224,778,455.99,1,1
2,24,779,879.98,1,2
2,90,779,195.29,1,1
2,217,779,1455.98,1,2
2,275,779,206.99,1,1
2,112,780,353.39,1,1
2,230,780,408.49,1,1
2,254,780,1199.98,1,2
2,93,783,377.98,1,2
2,113,787,440.99,1,1
2,162,787,5399.98,1,2
2,230,787,816.98,1,2
2,23,788,479.98,1,2
2,35,788,666.39,1,1
2,36,788,1499.38,1,2
2,114,788,539.39,1,1
2,137,788,4158.4,1,2
2,166,788,599.99,1,1
2,266,788,359.99,1,1
2,300,788,759.99,1,1
2,203,789,7999.98,1,2
2,205,789,8999.98,1,2
2,304,789,611.99,1,1
2,43,791,4769.99,1,1
2,109,791,775.6,1,2
2,180,791,1711.18,1,2
2,17,793,407.55,1,1
2,31,793,3037.36,1,2
2,162,793,5399.98,1,2
2,245,793,626.99,1,1
2,264,793,449.98,1,2
2,292,793,702.98,1,2
2,120,794,3999.98,1,2
2,124,794,1394.07,1,1
2,128,794,1709.1,1,1
2,194,794,6299.98,1,2
2,197,794,1839.99,1,1
2,234,794,809.99,1,1
2,235,794,1439.98,1,2
2,243,794,1291.98,1,2
2,298,795,531.98,1,2
2,20,797,1139.98,1,2
2,54,797,6079.98,1,2
2,93,797,195.29,1,1
2,139,797,2849.99,1,1
2,145,797,3347.98,1,2
2,164,797,2881.14,1,2
2,215,797,697.49,1,1
2,227,797,607.98,1,2
2,230,797,799.78,1,2
2,263,797,83.69,1,1
2,281,797,297.59,1,1
2,28,798,2249.99,1,1
2,70,798,1055.98,1,2
2,126,798,437.09,1,1
2,187,798,5207.98,1,2
2,194,798,5599.98,1,2
2,216,798,1439.98,1,2
2,221,800,303.99,1,1
2,281,800,297.59,1,1
2,53,801,697.49,1,1
2,161,801,1519.2,1,1
2,207,801,3599.99,1,1
2,252,801,2399.99,1,1
2,254,801,697.49,1,1
2,264,801,232.49,1,1
2,29,804,799.99,1,1
2,60,804,1403.99,1,1
2,61,804,9299.98,1,2
2,141,804,2975.98,1,2
2,198,804,2699.99,1,1
2,229,804,687.98,1,2
2,244,804,1041.58,1,2
2,260,804,743.99,1,1
2,286,804,503.98,1,2
2,42,805,2138.99,1,1
2,81,805,2089.98,1,2
2,102,805,930.98,1,2
2,137,805,2339.1,1,1
2,140,805,3999.99,1,1
2,149,805,7124.99,1,1
2,190,805,5207.98,1,2
2,225,805,767.99,1,1
2,263,805,71.99,1,1
2,57,806,1599.99,1,1
2,90,806,188.99,1,1
2,101,806,611.98,1,2
2,128,806,3038.4,1,2
2,160,806,8234.98,2,2
2,220,806,251.09,1,1
2,271,806,398.98,1,2
2,52,807,814.67,1,1
2,123,807,1799.98,1,2
2,219,807,1151.98,1,2
2,227,807,303.99,1,1
2,233,807,1215.98,1,2
2,234,807,1709.98,1,2
2,14,808,485.98,1,2
2,55,808,2159.99,1,1
2,159,808,2138.99,1,1
2,239,808,674.99,1,1
2,252,808,5699.98,1,2
2,260,808,1487.98,1,2
2,98,809,455.69,1,1
2,117,809,1396.49,1,1
2,173,809,5759.98,1,2
2,209,809,5399.98,1,2
2,235,809,1709.98,1,2
2,299,809,447.99,1,1
2,35,810,1499.38,1,2
2,38,810,1044.98,1,2
2,101,810,645.98,1,2
2,111,810,376.79,1,1
2,113,810,455.69,1,1
2,124,810,1199.2,1,1
2,126,810,422.99,1,1
2,152,810,3999.98,1,2
2,193,810,5319.98,1,2
2,246,810,595.19,1,1
2,254,810,599.99,1,1
2,268,810,415.97,2,3
2,272,810,260.99,1,1
2,283,810,297.59,1,1
2,7,811,7439.98,1,2
2,76,811,278.99,1,1
2,123,811,1859.98,1,2
2,167,811,712.49,1,1
2,201,811,4274.99,1,1
2,25,812,464.99,1,1
2,48,812,1199.99,1,1
2,223,812,476.99,1,1
2,242,812,1119.98,1,2
2,251,812,2849.99,1,1
2,263,812,71.99,1,1
2,294,812,332.99,1,1
2,51,813,12349.98,1,2
2,168,813,1471.55,1,1
2,109,814,792.28,1,2
2,124,814,1199.2,1,1
2,151,814,2944.98,1,2
2,165,814,3999.98,1,2
2,70,815,1253.98,1,2
2,18,816,417.57,1,1
2,115,816,2559.99,1,1
2,278,816,665.98,1,2
2,59,818,4159.98,1,2
2,110,818,847.78,1,2
2,136,818,1673.99,1,1
2,252,818,5699.98,1,2
2,287,818,265.99,1,1
2,84,819,87.99,1,1
2,300,819,639.99,1,1
2,161,820,3608.1,1,2
2,248,820,959.98,1,2
2,261,820,1673.98,1,2
2,306,820,1709.98,1,2
2,43,821,4928.99,1,1
2,91,821,650.98,1,2
2,100,821,881.98,1,2
2,123,821,799.99,1,1
2,142,821,5951.98,1,2
2,191,821,2519.99,1,1
2,210,821,2478.4,1,2
2,265,821,521.98,1,2
2,40,822,4749.99,1,1
2,48,822,1349.99,1,1
2,53,822,1394.98,1,2
2,58,822,9299.98,1,2
2,82,822,1187.98,1,2
2,92,822,390.58,1,2
2,113,822,465.49,1,1
2,130,822,827.99,1,1
2,205,822,9499.98,1,2
2,225,822,1785.58,1,2
2,252,822,2849.99,1,1
2,256,822,809.99,1,1
2,308,822,1349.98,1,2
2,49,823,5599.98,1,2
2,60,823,2963.98,1,2
2,98,823,465.49,1,1
2,113,823,440.99,1,1
2,122,823,3999.98,1,2
2,226,823,1264.78,1,2
2,269,823,179.99,1,1
2,276,823,255.99,1,1
2,280,823,465.49,1,1
2,295,823,595.18,1,2
2,304,823,1291.98,1,2
2,37,825,683.98,1,2
2,137,826,2339.1,1,1
2,292,826,702.98,1,2
2,308,826,1199.98,1,2
2,15,827,503.49,1,1
2,19,827,835.14,1,2
2,26,827,1115.98,1,2
2,67,827,200.79,1,1
2,210,827,1471.55,1,1
2,219,827,595.19,1,1
2,231,827,847.98,1,2
2,248,827,569.99,1,1
2,255,827,836.99,1,1
2,268,827,127.99,1,1
2,11,829,3025.78,1,2
2,24,829,1022.98,1,2
2,37,829,303.99,1,1
2,39,829,2399.98,1,2
2,43,829,10069.98,1,2
2,52,829,1664.38,1,2
2,88,829,180.49,1,1
2,109,829,375.29,1,1
2,149,829,14249.98,1,2
2,153,829,7999.98,1,2
2,184,829,3324.99,1,1
2,223,829,1006.98,1,2
2,259,829,1115.99,1,1
2,281,829,297.59,1,1
2,293,829,607.98,1,2
2,17,830,797.94,1,2
2,41,830,1396.49,1,1
2,68,830,404.99,1,1
2,124,830,2398.4,1,2
2,137,830,2469.05,1,1
2,142,830,6079.98,1,2
2,144,830,2479.98,1,2
2,220,830,485.98,1,2
2,251,830,5399.98,1,2
2,288,830,362.69,1,1
2,65,832,277.59,1,1
2,85,832,527.98,1,2
2,124,832,2788.14,1,2
2,150,832,3599.99,1,1
2,265,832,550.98,1,2
2,33,833,422.99,1,1
2,56,833,4949.99,1,1
2,57,833,3799.98,1,2
2,103,833,524.39,1,1
2,151,833,1441.49,1,1
2,156,833,5849.99,1,1
2,163,833,2509.14,1,2
2,168,833,1394.1,1,1
2,193,833,2603.99,1,1
2,238,833,674.99,1,1
2,243,833,645.99,1,1
2,252,833,4799.98,1,2
2,295,833,511.98,1,2
2,311,833,1199.98,1,2
2,313,833,359.99,1,1
2,51,834,5849.99,1,1
2,78,834,583.19,1,1
2,96,834,314.99,1,1
2,209,834,5579.98,1,2
2,235,834,1619.98,1,2
2,274,834,413.98,1,2
2,75,835,1139.98,1,2
2,92,835,199.49,1,1
2,117,835,1396.49,1,1
2,172,835,5119.98,1,2
2,183,835,1759.99,1,1
2,185,835,5207.98,1,2
2,194,835,3149.99,1,1
2,196,835,3679.98,1,2
2,269,835,319.98,1,2
2,6,836,892.98,1,2
2,12,836,1044.98,1,2
2,46,836,2622.58,1,2
2,117,836,1367.09,1,1
2,197,836,1839.99,1,1
2,206,836,3068.99,1,1
2,237,836,1614.98,1,2
2,306,836,1709.98,1,2
2,17,837,386.1,1,1
2,37,837,683.98,1,2
2,79,837,322.39,1,1
2,86,837,284.98,1,2
2,93,837,167.99,1,1
2,97,837,664.98,1,2
2,108,837,809.98,1,2
2,122,837,4749.98,1,2
2,136,837,1439.99,1,1
2,142,837,5759.98,1,2
2,155,837,21599.98,1,2
2,158,837,1785.58,1,2
2,184,837,5599.98,1,2
2,248,837,1115.98,1,2
2,297,837,223.99,1,1
2,41,838,2792.98,1,2
2,86,838,284.98,1,2
2,119,838,446.49,1,1
2,148,838,5114.99,1,1
2,158,838,767.99,1,1
2,185,838,5039.98,1,2
2,197,838,2069.99,1,1
2,207,838,6399.98,1,2
2,242,838,1259.98,1,2
2,245,838,613.79,1,1
2,249,838,1424.98,1,2
2,315,838,1063.98,1,2
2,24,839,989.98,1,2
2,49,839,5599.98,1,2
2,82,839,613.79,1,1
2,119,839,892.98,1,2
2,126,839,422.99,1,1
2,128,839,3608.1,1,2
2,156,839,5849.99,1,1
2,174,839,2559.99,1,1
2,235,839,1619.98,1,2
2,265,839,260.99,1,1
2,4,840,2754.99,1,1
2,46,840,2622.58,1,2
2,55,840,2159.99,1,1
2,123,840,929.99,1,1
2,253,840,2417.99,1,1
2,18,841,404.1,1,1
2,41,841,1175.99,1,1
2,54,841,8319.97,2,3
2,66,841,200.79,1,1
2,101,841,632.38,1,2
2,115,841,5951.98,1,2
2,118,841,1599.98,1,2
2,181,841,4091.98,1,2
2,221,841,287.99,1,1
2,297,841,531.98,1,2
2,20,843,959.98,1,2
2,155,843,11159.99,1,1
2,212,843,520.79,1,1
2,252,843,2699.99,1,1
2,312,843,1259.98,1,2
2,69,844,396.14,1,1
2,111,844,847.78,1,2
2,131,844,4834.14,1,2
2,202,844,6649.98,1,2
2,204,844,6695.98,1,2
2,241,844,1199.98,1,2
2,282,844,531.98,1,2
2,293,844,303.99,1,1
2,298,844,531.98,1,2
2,300,844,1279.98,1,2
2,310,844,854.99,1,1
2,15,846,503.49,1,1
2,265,846,463.98,1,2
2,93,847,390.58,1,2
2,9,848,2399.99,1,1
2,34,848,437.09,1,1
2,40,848,9299.98,1,2
2,97,848,559.98,1,2
2,107,848,396.14,1,1
2,159,848,2138.99,1,1
2,169,848,12089.98,1,2
2,190,848,5039.98,1,2
2,211,848,2943.1,1,2
2,271,848,398.98,1,2
2,79,849,725.38,1,2
2,105,849,480.59,1,1
2,112,849,303.99,1,1
2,36,850,666.39,1,1
2,104,850,771.18,1,2
2,146,850,4499.99,1,1
2,295,850,303.99,1,1
2,37,851,353.39,1,1
2,71,851,792.28,1,2
2,257,851,1709.98,1,2
2,275,851,804.96,2,4
2,271,899,188.99,1,1
2,96,966,279.99,1,1
2,105,966,427.19,1,1
2,228,966,575.98,1,2
2,238,966,1199.98,1,2
2,36,968,774.68,1,1
2,173,968,5119.98,1,2
2,171,980,5759.98,1,2
2,191,980,2603.99,1,1
2,236,980,599.99,1,1
2,153,1053,4649.99,1,1
2,283,1053,607.98,1,2
3,9,20,4799.98,1,2
3,11,20,3193.88,1,2
3,5,40,2377.78,1,2
3,12,40,989.98,1,2
3,19,40,359.2,1,1
3,21,40,215.99,1,1
3,23,40,479.98,1,2
3,3,42,1899.98,1,2
3,18,42,359.2,1,1
3,20,42,569.99,1,1
3,5,52,1254.94,1,1
3,6,52,845.98,1,2
3,7,60,7439.98,1,2
3,13,60,215.99,1,1
3,21,60,215.99,1,1
3,23,60,479.98,1,2
3,25,60,949.98,1,2
3,12,61,879.98,1,2
3,13,64,485.98,1,2
3,17,64,386.1,1,1
3,14,66,242.99,1,1
3,4,77,5393.98,1,2
3,17,77,398.97,1,1
3,20,77,539.99,1,1
3,4,79,5393.98,1,2
3,22,79,431.98,1,2
3,24,79,989.98,1,2
3,3,81,1899.98,1,2
3,7,81,6399.98,1,2
3,4,94,2609.99,1,1
3,7,94,7439.98,1,2
3,24,95,494.99,1,1
3,6,98,892.98,1,2
3,9,98,2789.99,1,1
3,14,98,485.98,1,2
3,22,98,215.99,1,1
3,23,98,239.99,1,1
3,14,102,256.49,1,1
3,16,102,479.99,1,1
3,20,102,1139.98,1,2
3,7,122,3199.99,1,1
3,14,122,485.98,1,2
3,17,122,407.55,1,1
3,24,122,522.49,1,1
3,3,124,1799.98,1,2
3,17,124,686.4,1,2
3,19,124,835.14,1,2
3,26,124,569.99,1,1
3,20,125,479.99,1,1
3,25,125,474.99,1,1
3,13,129,242.99,1,1
3,4,148,5393.98,1,2
3,7,148,7599.98,1,2
3,16,148,1079.98,1,2
3,18,148,417.57,1,1
3,19,148,835.14,1,2
3,21,148,512.98,1,2
3,25,148,949.98,1,2
3,4,153,2696.99,1,1
3,11,153,3025.78,1,2
3,19,153,404.1,1,1
3,2,160,697.49,1,1
3,9,160,5699.98,1,2
3,4,181,2696.99,1,1
3,10,181,2943.1,1,2
3,18,181,808.2,1,2
3,4,196,2696.99,1,1
3,10,196,2881.14,1,2
3,12,202,494.99,1,1
3,23,202,278.99,1,1
3,13,214,251.09,1,1
3,15,214,503.49,1,1
3,18,214,853.1,1,2
3,21,214,242.99,1,1
3,23,214,239.99,1,1
3,5,215,2509.88,1,2
3,15,215,985.78,1,2
3,14,216,502.18,1,2
3,16,216,539.99,1,1
3,19,216,426.55,1,1
3,21,216,215.99,1,1
3,9,218,2849.99,1,1
3,17,218,815.1,1,2
3,21,218,502.18,1,2
3,24,218,511.49,1,1
3,4,226,2696.99,1,1
3,16,226,959.98,1,2
3,21,226,242.99,1,1
3,26,230,1139.98,1,2
3,18,233,359.2,1,1
3,2,234,697.49,1,1
3,11,234,1512.89,1,1
3,13,234,502.18,1,2
3,19,234,718.4,1,2
3,7,235,7439.98,1,2
3,9,235,2849.99,1,1
3,23,235,284.99,1,1
3,5,236,2113.58,1,2
3,8,236,1673.99,1,1
3,24,236,1022.98,1,2
3,5,245,1254.94,1,1
3,20,245,479.99,1,1
3,9,248,2849.99,1,1
3,3,249,1899.98,1,2
3,15,249,953.98,1,2
3,17,249,686.4,1,2
3,2,254,674.99,1,1
3,4,254,5219.98,1,2
3,5,254,2509.88,1,2
3,6,254,437.09,1,1
3,11,254,1344.79,1,1
3,4,260,2696.99,1,1
3,8,260,3419.98,1,2
3,13,260,512.98,1,2
3,22,260,242.99,1,1
3,3,264,899.99,1,1
3,4,264,5509.98,1,2
3,8,264,1673.99,1,1
3,17,267,797.94,1,2
3,23,267,278.99,1,1
3,4,269,2319.99,1,1
3,18,269,835.14,1,2
3,19,269,426.55,1,1
3,22,269,485.98,1,2
3,13,271,502.18,1,2
3,10,272,1440.57,1,1
3,11,272,1512.89,1,1
3,17,272,797.94,1,2
3,19,272,417.57,1,1
3,22,272,485.98,1,2
3,9,278,5399.98,1,2
3,13,278,431.98,1,2
3,16,278,1115.98,1,2
3,8,280,3239.98,1,2
3,13,286,256.49,1,1
3,21,293,251.09,1,1
3,6,302,375.99,1,1
3,12,302,879.98,1,2
3,25,302,464.99,1,1
3,15,303,476.99,1,1
3,22,303,485.98,1,2
3,24,303,522.49,1,1
3,9,309,2699.99,1,1
3,16,309,959.98,1,2
3,19,309,718.4,1,2
3,20,309,539.99,1,1
3,6,313,437.09,1,1
3,14,313,251.09,1,1
3,15,313,476.99,1,1
3,20,313,1595.97,2,3
3,21,313,485.98,1,2
3,24,313,439.99,1,1
3,25,313,799.98,1,2
3,5,314,1188.89,1,1
3,9,314,2399.99,1,1
3,11,314,3193.88,1,2
3,3,317,929.99,1,1
3,7,317,3799.99,1,1
3,12,317,511.49,1,1
3,13,317,485.98,1,2
3,15,317,492.89,1,1
3,16,317,569.99,1,1
3,18,317,835.14,1,2
3,24,317,494.99,1,1
3,4,318,4639.98,1,2
3,16,318,539.99,1,1
3,6,332,375.99,1,1
3,7,332,7599.98,1,2
3,3,342,1799.98,1,2
3,21,342,512.98,1,2
3,25,342,464.99,1,1
3,26,342,539.99,1,1
3,6,354,845.98,1,2
3,11,354,1563.32,1,1
3,19,354,808.2,1,2
3,23,354,284.99,1,1
3,5,363,2113.58,1,2
3,10,363,2478.4,1,2
3,12,363,1044.98,1,2
3,13,363,431.98,1,2
3,23,378,269.99,1,1
3,62,378,5599.98,1,2
3,67,378,401.58,1,2
3,74,378,417.99,1,1
3,102,378,440.99,1,1
3,19,388,808.2,1,2
3,48,388,2849.98,1,2
3,37,394,706.78,1,2
3,52,394,1664.38,1,2
3,12,403,511.49,1,1
3,24,403,989.98,1,2
3,31,403,1306.39,1,1
3,40,403,9499.98,1,2
3,48,403,1394.99,1,1
3,82,403,1055.98,1,2
3,96,403,325.49,1,1
3,106,403,809.98,1,2
3,84,404,104.49,1,1
3,4,410,5509.98,1,2
3,35,410,666.39,1,1
3,44,410,863.98,1,2
3,53,410,697.49,1,1
3,74,410,791.98,1,2
3,76,410,239.99,1,1
3,93,410,335.98,1,2
3,97,410,629.98,1,2
3,108,410,836.98,1,2
3,78,416,602.63,1,1
3,82,416,1253.98,1,2
3,29,422,799.99,1,1
3,49,422,2799.99,1,1
3,67,422,401.58,1,2
3,91,422,332.49,1,1
3,3,423,949.99,1,1
3,26,423,479.99,1,1
3,65,423,624.58,1,2
3,84,423,175.98,1,2
3,10,424,2881.14,1,2
3,71,424,750.58,1,2
3,21,425,502.18,1,2
3,45,425,809.09,1,1
3,56,425,10449.98,1,2
3,58,425,4749.99,1,1
3,76,425,278.99,1,1
3,107,425,792.28,1,2
3,16,428,1079.98,1,2
3,35,428,1332.78,1,2
3,41,428,1367.09,1,1
3,83,428,284.98,1,2
3,72,429,588.99,1,1
3,78,429,1166.38,1,2
3,22,431,502.18,1,2
3,27,431,929.99,1,1
3,65,431,645.4,1,2
3,99,431,269.99,1,1
3,109,431,333.59,1,1
3,90,433,195.29,1,1
3,103,433,496.79,1,1
3,11,434,3193.88,1,2
3,42,434,1839.99,1,1
3,103,434,441.59,1,1
3,110,434,447.44,1,1
3,64,440,440.99,1,1
3,85,440,313.49,1,1
3,13,443,256.49,1,1
3,19,443,404.1,1,1
3,48,443,1199.99,1,1
3,51,443,12089.98,1,2
3,66,443,451.78,1,2
3,6,448,751.98,1,2
3,52,453,1664.38,1,2
3,83,453,284.98,1,2
3,102,453,455.69,1,1
3,111,453,438.02,1,1
3,22,457,215.99,1,1
3,26,457,1115.98,1,2
3,33,457,751.98,1,2
3,56,457,5224.99,1,1
3,71,457,792.28,1,2
3,85,457,527.98,1,2
3,96,457,629.98,1,2
3,100,457,391.99,1,1
3,103,457,1048.78,1,2
3,94,460,199.99,1,1
3,56,462,10229.98,1,2
3,81,462,879.99,1,1
3,86,462,239.98,1,2
3,6,477,446.49,1,1
3,42,477,3679.98,1,2
3,45,477,695.99,1,1
3,58,477,7999.98,1,2
3,99,477,284.99,1,1
3,49,483,6509.98,1,2
3,85,483,313.49,1,1
3,99,483,239.99,1,1
3,50,494,4799.99,1,1
3,64,494,930.98,1,2
3,67,494,225.89,1,1
3,98,494,455.69,1,1
3,43,499,4769.99,1,1
3,106,499,418.49,1,1
3,12,500,989.98,1,2
3,10,505,1471.55,1,1
3,91,505,664.98,1,2
3,36,519,666.39,1,1
3,97,519,559.98,1,2
3,51,522,11699.98,1,2
3,56,522,10229.98,1,2
3,60,522,1403.99,1,1
3,65,522,659.28,1,2
3,82,522,613.79,1,1
3,6,527,437.09,1,1
3,38,527,511.49,1,1
3,65,527,555.18,1,2
3,76,527,557.98,1,2
3,14,534,502.18,1,2
3,66,534,233.42,1,1
3,70,534,1253.98,1,2
3,108,534,854.98,1,2
3,111,534,447.44,1,1
3,73,537,697.49,1,1
3,88,537,180.49,1,1
3,36,538,749.69,1,1
3,74,538,351.99,1,1
3,8,539,3419.98,1,2
3,12,539,1022.98,1,2
3,38,539,439.99,1,1
3,65,539,645.4,1,2
3,70,539,1253.98,1,2
3,22,541,431.98,1,2
3,33,541,845.98,1,2
3,26,542,1079.98,1,2
3,39,542,1394.99,1,1
3,9,543,2699.99,1,1
3,21,543,502.18,1,2
3,22,543,485.98,1,2
3,35,543,749.69,1,1
3,36,543,1499.38,1,2
3,40,543,9499.98,1,2
3,49,543,5599.98,1,2
3,52,543,814.67,1,1
3,61,543,4649.99,1,1
3,64,543,440.99,1,1
3,95,543,569.98,1,2
3,110,543,438.02,1,1
3,44,563,502.19,1,1
3,95,563,557.98,1,2
3,76,566,557.98,1,2
3,17,585,815.1,1,2
3,28,585,2374.99,1,1
3,32,585,437.09,1,1
3,41,585,2645.98,1,2
3,60,585,1450.79,1,1
3,79,585,374.78,1,1
3,104,585,915.78,1,2
3,28,586,4499.98,1,2
3,35,586,791.34,1,1
3,49,586,3324.99,1,1
3,78,586,518.39,1,1
3,18,594,417.57,1,1
3,33,594,845.98,1,2
3,49,594,3149.99,1,1
3,72,594,991.98,1,2
3,100,594,911.38,1,2
3,25,595,799.98,1,2
3,13,600,502.18,1,2
3,15,600,492.89,1,1
3,30,600,899.99,1,1
3,33,600,437.09,1,1
3,36,600,1332.78,1,2
3,59,600,4679.98,1,2
3,64,600,440.99,1,1
3,102,600,911.38,1,2
3,109,600,667.18,1,2
3,3,604,1599.98,1,2
3,15,604,953.98,1,2
3,31,604,1306.39,1,1
3,50,604,11399.98,1,2
3,78,604,1231.18,1,2
3,35,610,1549.36,1,2
3,56,610,8799.98,1,2
3,60,610,1481.99,1,1
3,2,622,1424.98,1,2
3,6,622,422.99,1,1
3,7,622,7199.98,1,2
3,45,622,1652.98,1,2
3,109,622,775.6,1,2
3,33,623,845.98,1,2
3,58,623,3999.99,1,1
3,89,623,398.98,1,2
3,28,629,1999.99,1,1
3,58,629,7999.98,1,2
3,69,629,775.6,1,2
3,84,629,175.98,1,2
3,38,630,989.98,1,2
3,39,630,2699.98,1,2
3,40,630,9299.98,1,2
3,71,630,775.6,1,2
3,33,651,751.98,1,2
3,50,651,5579.99,1,1
3,62,651,6509.98,1,2
3,74,651,395.99,1,1
3,88,651,360.98,1,2
3,93,651,398.98,1,2
3,6,665,874.18,1,2
3,26,665,539.99,1,1
3,35,665,1582.68,1,2
3,78,665,1231.18,1,2
3,84,665,98.99,1,1
3,15,666,503.49,1,1
3,64,666,911.38,1,2
3,78,666,602.63,1,1
3,102,666,881.98,1,2
3,97,671,279.99,1,1
3,7,687,3719.99,1,1
3,40,687,8999.98,1,2
3,56,687,5114.99,1,1
3,52,701,814.67,1,1
3,63,701,2799.99,1,1
3,72,701,1153.18,1,2
3,74,701,417.99,1,1
3,17,707,797.94,1,2
3,62,707,6299.98,1,2
3,64,707,783.98,1,2
3,73,707,599.99,1,1
3,59,714,2469.99,1,1
3,110,714,876.04,1,2
3,28,732,2324.99,1,1
3,139,732,2849.99,1,1
3,190,732,5207.98,1,2
3,209,732,2699.99,1,1
3,257,732,854.99,1,1
3,269,732,371.98,1,2
3,12,737,522.49,1,1
3,78,737,583.19,1,1
3,99,737,539.98,1,2
3,205,737,9499.98,1,2
3,304,737,1223.98,1,2
3,18,745,853.1,1,2
3,134,745,2849.98,1,2
3,150,745,4274.99,1,1
3,249,745,674.99,1,1
3,263,745,143.98,1,2
3,82,752,626.99,1,1
3,282,752,265.99,1,1
3,63,760,3149.99,1,1
3,147,761,3419.98,1,2
3,182,761,1999.99,1,1
3,24,770,1044.98,1,2
3,39,770,2699.98,1,2
3,135,770,1424.99,1,1
3,145,770,1673.99,1,1
3,165,776,4749.98,1,2
3,170,788,1208.99,1,1
3,171,788,6079.98,1,2
3,222,788,242.99,1,1
3,265,788,275.49,1,1
3,301,788,1673.98,1,2
3,297,791,531.98,1,2
3,92,793,398.98,1,2
3,194,793,2799.99,1,1
3,242,793,1259.98,1,2
3,80,795,1417.3,1,2
3,180,795,1471.98,1,2
3,243,795,645.99,1,1
3,6,805,446.49,1,1
3,46,805,1311.29,1,1
3,67,805,401.58,1,2
3,109,805,387.8,1,1
3,116,805,1394.98,1,2
3,178,805,1424.98,1,2
3,186,805,4049.99,1,1
3,242,805,1119.98,1,2
3,12,810,522.49,1,1
3,78,810,1166.38,1,2
3,105,810,507.29,1,1
3,295,810,607.98,1,2
3,77,817,1279.98,1,2
3,100,817,930.98,1,2
3,182,817,2324.99,1,1
3,237,817,1614.98,1,2
3,230,825,386.99,1,1
3,215,830,1394.98,1,2
3,217,830,846.29,1,1
3,186,832,4274.99,1,1
3,188,832,5599.98,1,2
3,263,832,161.98,1,2
3,310,832,1673.98,1,2
3,23,833,284.99,1,1
3,50,833,10799.98,1,2
3,229,833,687.98,1,2
3,188,841,3254.99,1,1
3,115,843,3039.99,1,1
3,198,843,2399.99,1,1
3,216,843,1709.98,1,2
3,304,843,1087.98,1,2
3,59,849,2417.99,1,1
3,176,849,2975.99,1,1
3,7,850,7439.98,1,2
3,10,850,1239.2,1,1
3,114,850,927.98,1,2
3,180,850,827.99,1,1
3,220,850,502.18,1,2
3,29,913,929.99,1,1
3,72,913,557.99,1,1
3,132,913,2699.98,1,2
3,186,913,3599.99,1,1
3,301,913,809.99,1,1
3,245,922,593.99,1,1
3,271,922,188.99,1,1
3,124,1063,1394.07,1,1
3,159,1063,4277.98,1,2
3,213,1063,431.98,1,2
3,182,1093,1999.99,1,1
3,197,1093,3679.98,1,2
3,214,1093,836.99,1,1
