order_id,customer_id,order_date,store_id,staff_id
1,259,2020-01-01 15:19:01,1,2
2,1212,2020-01-01 19:24:30,2,6
3,523,2020-01-02 17:41:23,2,7
4,175,2020-01-03 19:55:39,1,3
5,1324,2020-01-03 17:55:32,2,5
6,94,2020-01-04 17:34:02,2,5
7,324,2020-01-04 16:48:10,2,6
8,1204,2020-01-04 17:21:37,2,7
9,60,2020-01-05 17:29:24,1,1
10,442,2020-01-05 19:28:51,2,6
11,1326,2020-01-05 18:04:36,2,7
12,91,2020-01-06 16:05:46,1,2
13,873,2020-01-08 19:00:07,2,6
14,258,2020-01-09 16:14:39,1,4
15,450,2020-01-09 20:08:55,2,5
16,552,2020-01-12 19:17:45,1,1
17,1175,2020-01-12 16:33:37,1,4
18,541,2020-01-14 17:49:12,1,3
19,696,2020-01-14 19:18:27,1,2
20,923,2020-01-14 17:36:30,1,1
21,1250,2020-01-15 09:28:42,2,6
22,1035,2020-01-16 17:32:48,1,4
23,1149,2020-01-16 19:33:23,1,1
24,636,2020-01-18 17:33:18,2,5
25,657,2020-01-18 13:51:23,2,6
26,1280,2020-01-18 16:33:17,2,7
27,57,2020-01-19 20:42:16,2,5
28,252,2020-01-19 18:04:41,2,6
29,437,2020-01-20 10:18:56,2,6
30,1348,2020-01-20 20:48:10,2,5
31,1238,2020-01-20 16:39:21,3,8
32,1259,2020-01-21 16:06:29,1,3
33,236,2020-01-21 16:57:36,2,6
34,80,2020-01-22 16:43:28,2,6
35,813,2020-01-22 10:39:55,2,7
36,132,2020-01-23 16:10:03,1,2
37,164,2020-01-25 20:10:25,2,6
38,583,2020-01-25 16:57:16,2,5
39,1296,2020-01-25 16:51:04,2,7
40,348,2020-01-27 19:55:55,1,1
41,979,2020-01-27 20:37:13,2,6
42,1095,2020-01-27 19:39:20,2,7
43,1434,2020-01-27 18:05:20,2,7
44,861,2020-01-28 18:37:59,2,5
45,1220,2020-01-28 15:30:18,2,7
46,746,2020-01-29 19:23:39,2,7
47,1234,2020-01-29 18:47:00,2,5
48,1012,2020-01-30 16:55:01,2,7
49,608,2020-01-31 15:36:07,2,5
50,87,2020-01-31 18:32:51,2,3
51,1047,2020-02-01 18:21:49,2,7
52,767,2020-02-03 18:21:32,1,4
53,965,2020-02-03 16:19:27,2,6
54,535,2020-02-04 19:50:24,2,7
55,1173,2020-02-04 11:31:33,2,6
56,1241,2020-02-04 13:47:49,2,6
57,1305,2020-02-04 18:59:15,2,7
58,504,2020-02-05 11:12:44,2,5
59,563,2020-02-05 18:03:19,2,7
60,151,2020-02-06 19:36:51,1,3
61,277,2020-02-06 16:35:42,2,7
62,208,2020-02-07 17:01:33,1,2
63,1075,2020-02-07 17:07:52,2,5
64,1185,2020-02-07 17:11:34,2,6
65,996,2020-02-08 17:40:59,2,6
66,1253,2020-02-09 19:27:03,2,7
67,526,2020-02-09 17:59:39,3,8
68,38,2020-02-10 17:27:59,1,2
69,1413,2020-02-10 13:52:26,2,7
70,50,2020-02-11 17:02:17,3,9
71,797,2020-02-11 17:31:57,2,5
72,1386,2020-02-12 11:54:39,1,1
73,612,2020-02-12 17:50:25,2,5
74,264,2020-02-13 16:33:53,2,7
75,587,2020-02-14 17:00:17,2,6
76,9,2020-02-16 11:43:47,2,6
77,385,2020-02-16 12:50:31,1,2
78,1182,2020-02-16 18:56:14,2,7
79,529,2020-02-17 20:12:55,1,1
80,397,2020-02-17 18:49:32,2,6
81,521,2020-02-17 17:41:48,2,5
82,1223,2020-02-18 17:51:56,2,6
83,393,2020-02-19 17:54:23,1,3
84,317,2020-02-20 16:13:43,2,5
85,1174,2020-02-20 19:34:06,2,7
86,276,2020-02-21 17:58:02,2,7
87,516,2020-02-21 15:37:24,2,6
88,1069,2020-02-21 16:26:51,2,5
89,668,2020-02-21 16:32:52,3,10
90,414,2020-02-23 09:40:59,2,7
91,648,2020-02-25 16:21:34,1,4
92,1309,2020-02-25 16:06:01,2,5
93,1328,2020-02-26 13:11:03,1,4
94,929,2020-02-27 09:30:48,1,2
95,218,2020-02-27 16:41:04,2,7
96,1094,2020-02-27 18:33:43,2,5
97,20,2020-02-28 19:07:41,2,2
98,1194,2020-02-28 19:30:34,2,6
99,1165,2020-02-29 17:16:45,3,9
100,1237,2020-03-01 17:54:00,2,7
101,271,2020-03-01 17:15:22,3,8
102,336,2020-03-02 16:49:00,2,5
103,991,2020-03-03 19:16:17,1,1
104,72,2020-03-03 19:13:01,2,7
105,306,2020-03-03 13:53:42,2,5
106,422,2020-03-04 18:49:16,3,9
107,633,2020-03-06 18:36:14,1,4
108,12,2020-03-06 19:09:10,2,6
109,1255,2020-03-06 19:22:34,2,6
110,677,2020-03-06 13:04:49,3,10
111,630,2020-03-07 16:41:07,2,6
112,469,2020-03-08 17:14:41,2,6
113,1078,2020-03-08 17:09:03,2,6
114,1431,2020-03-08 18:09:08,2,7
115,1369,2020-03-09 17:26:44,2,7
116,471,2020-03-10 17:46:26,2,5
117,740,2020-03-10 17:10:26,2,6
118,577,2020-03-12 19:51:50,1,2
119,925,2020-03-12 17:51:36,2,5
120,327,2020-03-14 18:07:38,2,7
121,755,2020-03-14 13:42:14,2,6
122,786,2020-03-14 20:58:06,2,6
123,766,2020-03-15 16:43:42,2,6
124,403,2020-03-16 19:10:31,1,1
125,685,2020-03-16 12:56:44,2,6
126,1365,2020-03-16 18:12:31,2,7
127,484,2020-03-17 10:49:04,3,8
128,8,2020-03-18 19:44:39,2,6
129,84,2020-03-19 16:35:55,2,5
130,1049,2020-03-19 17:20:00,2,6
131,316,2020-03-19 18:08:20,3,9
132,461,2020-03-20 19:26:55,1,3
133,409,2020-03-20 18:41:40,2,7
134,679,2020-03-20 18:42:45,2,7
135,1354,2020-03-21 16:12:31,2,5
136,1192,2020-03-21 17:25:57,3,10
137,370,2020-03-23 16:18:38,2,7
138,438,2020-03-23 20:26:50,2,7
139,710,2020-03-23 16:09:32,2,5
140,1264,2020-03-23 16:53:37,2,7
141,557,2020-03-25 09:47:03,2,7
142,170,2020-03-26 17:58:49,1,1
143,693,2020-03-26 19:03:08,2,5
144,1124,2020-03-26 14:31:19,2,7
145,366,2020-03-27 17:00:42,2,6
146,288,2020-03-28 10:15:03,1,3
147,55,2020-03-28 15:35:35,2,7
148,714,2020-03-28 19:29:49,2,6
149,763,2020-03-28 18:15:31,2,6
150,332,2020-03-29 09:09:57,1,2
151,926,2020-03-29 17:54:31,1,4
152,7,2020-03-29 17:50:59,2,6
153,498,2020-03-30 19:23:07,2,6
154,1286,2020-03-31 10:02:33,1,2
155,371,2020-04-02 17:17:50,2,6
156,357,2020-04-03 18:24:19,1,3
157,43,2020-04-03 19:28:56,3,8
158,117,2020-04-04 16:32:11,3,9
159,3,2020-04-04 18:44:09,1,2
160,205,2020-04-04 13:14:04,2,7
161,251,2020-04-04 14:46:24,2,7
162,31,2020-04-06 10:32:40,1,3
163,1325,2020-04-06 19:49:48,2,5
164,610,2020-04-07 17:45:56,2,5
165,574,2020-04-08 10:22:36,1,4
166,338,2020-04-08 14:31:29,2,6
167,1034,2020-04-08 17:38:24,2,7
168,1147,2020-04-09 16:46:32,1,3
169,99,2020-04-10 14:59:20,2,5
170,1200,2020-04-10 17:14:29,2,5
171,237,2020-04-11 17:00:42,1,1
172,1079,2020-04-11 16:53:16,2,7
173,117,2020-04-11 17:49:32,3,10
174,136,2020-04-12 17:38:36,1,2
175,95,2020-04-13 14:51:46,1,2
176,643,2020-04-15 19:36:25,2,7
177,121,2020-04-16 19:05:13,1,2
178,756,2020-04-16 16:09:06,2,6
179,616,2020-04-17 18:19:52,2,6
180,918,2020-04-17 11:56:10,2,5
181,459,2020-04-18 16:12:41,1,3
182,854,2020-04-18 15:58:24,2,5
183,22,2020-04-19 16:27:25,2,5
184,134,2020-04-19 14:37:04,2,7
185,241,2020-04-20 16:02:02,1,1
186,1127,2020-04-21 13:15:56,2,5
187,183,2020-04-22 18:40:18,2,6
188,390,2020-04-22 18:12:54,2,5
189,1288,2020-04-23 18:57:17,1,2
190,98,2020-04-23 18:20:26,2,5
191,919,2020-04-27 10:25:26,1,2
192,728,2020-04-27 19:20:17,2,7
193,1366,2020-04-28 13:09:54,1,3
194,558,2020-04-28 13:01:18,2,7
195,727,2020-04-28 17:59:16,2,5
196,1247,2020-04-28 17:03:05,2,6
197,127,2020-04-30 09:19:19,2,7
198,640,2020-05-01 19:00:12,2,6
199,760,2020-05-01 19:04:23,2,7
200,1074,2020-05-01 13:55:54,2,6
201,280,2020-05-01 16:15:38,3,10
202,600,2020-05-03 17:47:29,1,2
203,1102,2020-05-03 16:38:35,3,8
204,591,2020-05-04 10:28:43,2,7
205,635,2020-05-04 16:47:45,2,5
206,743,2020-05-04 12:01:42,3,9
207,105,2020-05-05 18:10:19,2,5
208,815,2020-05-06 16:44:38,2,7
209,514,2020-05-07 19:15:33,2,6
210,943,2020-05-07 10:18:17,2,6
211,1140,2020-05-07 16:27:55,2,5
212,1373,2020-05-08 16:52:55,2,6
213,788,2020-05-08 19:32:42,3,10
214,363,2020-05-10 16:41:09,2,5
215,1420,2020-05-10 09:16:46,2,7
216,267,2020-05-11 17:39:57,1,3
217,716,2020-05-11 10:04:35,2,7
218,1179,2020-05-12 17:08:12,2,7
219,1338,2020-05-12 20:31:09,2,5
220,1358,2020-05-12 19:42:18,2,6
221,1218,2020-05-13 18:12:13,1,2
222,512,2020-05-13 19:16:52,2,6
223,1368,2020-05-15 19:03:03,2,7
224,157,2020-05-17 09:43:38,1,3
225,307,2020-05-17 17:12:33,1,4
226,501,2020-05-17 19:49:59,1,2
227,489,2020-05-17 16:58:20,2,7
228,615,2020-05-17 20:42:09,2,7
229,742,2020-05-19 17:52:05,2,6
230,1167,2020-05-19 18:14:04,2,6
231,1257,2020-05-19 16:16:28,2,5
232,1360,2020-05-20 11:04:24,1,3
233,737,2020-05-21 17:00:32,2,6
234,1435,2020-05-22 19:40:57,2,5
235,649,2020-05-24 10:03:55,2,6
236,206,2020-05-25 20:51:29,2,6
237,1351,2020-05-25 16:43:44,2,5
238,1350,2020-05-26 16:49:07,2,5
239,13,2020-05-27 10:52:56,3,9
240,65,2020-05-27 16:02:53,2,6
241,1082,2020-05-27 18:24:36,2,5
242,1168,2020-05-27 09:30:29,2,7
243,802,2020-05-27 10:34:48,3,8
244,956,2020-05-28 18:34:26,2,6
245,223,2020-05-29 19:38:25,2,5
246,17,2020-05-30 17:19:18,2,6
247,928,2020-05-30 20:47:02,1,1
248,1376,2020-05-30 18:29:36,2,7
249,145,2020-06-01 17:55:23,2,6
250,150,2020-06-01 15:05:47,2,7
251,851,2020-06-01 09:54:47,2,7
252,663,2020-06-01 18:26:31,3,8
253,1267,2020-06-02 16:25:07,2,6
254,510,2020-06-03 18:08:00,2,7
255,801,2020-06-03 17:55:56,2,7
256,26,2020-06-04 18:25:33,2,7
257,1314,2020-06-05 18:28:02,1,3
258,107,2020-06-06 18:02:20,2,5
259,413,2020-06-06 14:59:17,2,7
260,632,2020-06-06 14:01:07,2,6
261,1045,2020-06-08 15:47:54,1,2
262,579,2020-06-08 19:43:11,3,9
263,1322,2020-06-09 14:03:24,2,6
264,5,2020-06-10 11:12:57,1,4
265,682,2020-06-10 19:06:02,2,7
266,933,2020-06-10 16:32:34,2,7
267,282,2020-06-11 19:53:39,1,3
268,540,2020-06-11 16:01:04,1,1
269,764,2020-06-12 16:42:42,2,5
270,879,2020-06-12 12:33:19,2,7
271,350,2020-06-13 12:37:08,2,5
272,497,2020-06-15 13:34:47,2,7
273,1340,2020-06-16 19:51:18,2,7
274,411,2020-06-17 16:06:54,2,5
275,1341,2020-06-17 17:02:42,2,7
276,1227,2020-06-18 17:54:55,2,6
277,546,2020-06-19 16:39:29,2,7
278,1301,2020-06-20 17:27:15,1,3
279,378,2020-06-21 13:59:10,2,5
280,638,2020-06-21 18:59:51,2,7
281,800,2020-06-21 10:56:27,2,5
282,159,2020-06-22 17:49:38,1,10
283,181,2020-06-23 18:18:56,1,2
284,1356,2020-06-23 19:18:26,2,7
285,319,2020-06-25 19:51:24,1,4
286,59,2020-06-25 16:55:54,2,6
287,133,2020-06-25 16:30:44,2,6
288,780,2020-06-25 17:21:13,2,6
289,849,2020-06-27 18:57:54,2,6
290,202,2020-06-28 16:39:30,2,5
291,158,2020-06-29 09:11:34,2,6
292,360,2020-06-29 19:21:00,3,9
293,573,2020-06-30 17:36:34,2,7
294,732,2020-01-07 17:02:34,2,7
295,1130,2020-01-07 18:39:08,2,7
296,1245,2020-04-07 18:51:53,2,5
297,1425,2020-04-07 17:40:11,2,7
298,885,2020-04-07 16:25:57,3,8
299,281,2020-05-07 18:21:18,2,6
300,1205,2020-05-07 18:23:03,2,6
301,17,2020-06-07 16:48:50,2,5
302,1375,2020-06-07 18:33:14,2,6
303,36,2020-07-07 19:09:45,2,7
304,230,2020-07-07 16:32:38,2,6
305,705,2020-07-07 16:48:43,2,7
306,424,2020-09-07 16:10:25,2,7
307,695,2020-09-07 16:40:56,2,5
308,156,2020-11-07 20:40:11,2,6
309,21,2020-11-07 19:18:50,2,5
310,627,2020-12-07 16:50:45,1,2
311,1400,2020-12-07 12:25:58,2,6
312,299,2020-07-13 19:12:33,2,5
313,565,2020-07-14 09:51:10,3,10
314,1019,2020-07-15 17:12:39,2,7
315,1263,2020-07-16 10:20:32,2,6
316,670,2020-07-17 18:49:18,2,7
317,795,2020-07-17 18:22:20,2,5
318,1141,2020-07-17 16:11:09,2,7
319,941,2020-07-18 11:54:28,2,5
320,1428,2020-07-19 11:36:34,1,2
321,568,2020-07-19 16:33:33,2,6
322,924,2020-07-19 09:33:57,2,6
323,1243,2020-07-19 16:17:41,2,6
324,480,2020-07-20 12:42:43,2,5
325,848,2020-07-20 17:44:59,2,6
326,1337,2020-07-20 17:15:02,3,9
327,83,2020-07-21 16:13:51,2,6
328,528,2020-07-23 19:14:30,2,5
329,274,2020-07-24 18:42:49,2,6
330,622,2020-07-24 18:02:02,2,5
331,642,2020-07-24 12:00:30,2,6
332,659,2020-07-24 12:03:19,2,7
333,779,2020-07-25 19:49:22,2,6
334,1112,2020-07-25 18:57:48,2,5
335,1193,2020-07-25 18:49:38,2,6
336,1030,2020-07-26 17:58:00,2,7
337,1252,2020-07-26 09:15:08,2,7
338,1333,2020-07-28 18:57:14,1,3
339,1110,2020-07-28 20:17:06,2,7
340,963,2020-07-29 18:34:27,2,5
341,1357,2020-07-31 10:20:41,1,1
342,806,2020-07-31 17:47:50,2,7
343,961,2020-07-31 17:01:23,2,7
344,750,2020-08-01 11:46:25,2,5
345,1299,2020-08-01 19:17:07,2,6
346,584,2020-08-01 10:06:13,3,9
347,1004,2020-08-02 09:51:50,2,6
348,907,2020-08-02 19:21:54,3,8
349,301,2020-08-03 17:12:05,1,3
350,31,2020-08-03 16:19:18,1,1
351,1307,2020-08-03 18:40:12,1,2
352,16,2020-08-03 14:32:03,2,5
353,1387,2020-08-03 18:14:43,2,7
354,551,2020-08-03 18:04:04,3,10
355,1011,2020-08-03 19:07:28,3,10
356,1189,2020-08-04 10:40:05,2,6
357,14,2020-08-05 16:43:40,3,9
358,1042,2020-08-05 12:25:25,2,7
359,441,2020-08-07 13:13:31,2,7
360,1300,2020-08-07 18:53:26,2,6
361,994,2020-08-08 16:18:49,2,5
362,187,2020-08-09 16:54:43,1,4
363,834,2020-11-08 17:49:18,3,10
364,373,2020-12-08 17:00:11,2,5
365,981,2020-08-13 19:48:46,2,6
366,1054,2020-08-13 19:49:47,3,9
367,527,2020-08-14 11:10:53,2,7
368,995,2020-08-14 16:02:09,2,5
369,1285,2020-08-15 20:09:44,1,3
370,758,2020-08-15 11:03:49,2,7
371,891,2020-08-15 17:56:02,2,5
372,132,2020-08-16 19:21:36,2,5
373,337,2020-08-16 19:32:53,2,7
374,1313,2020-08-17 17:44:45,1,2
375,536,2020-08-17 17:12:52,2,5
376,825,2020-08-17 15:07:09,2,6
377,1355,2020-08-17 19:19:58,2,5
378,475,2020-08-17 17:31:12,3,9
379,954,2020-08-18 18:43:21,2,5
380,1156,2020-08-19 20:51:07,2,7
381,1297,2020-08-19 17:51:39,2,5
382,199,2020-08-20 18:11:19,2,6
383,331,2020-08-20 19:41:36,2,5
384,410,2020-08-20 19:49:33,2,7
385,1274,2020-08-20 15:16:42,2,5
386,1362,2020-08-20 18:11:07,2,6
387,451,2020-08-20 19:42:30,3,8
388,1080,2020-08-21 13:10:09,3,8
389,53,2020-08-22 17:21:47,1,3
390,576,2020-08-22 11:09:00,3,9
391,61,2020-08-23 14:07:16,3,9
392,176,2020-08-23 19:11:13,1,1
393,368,2020-08-25 11:34:26,2,6
394,522,2020-08-26 19:56:01,1,3
395,144,2020-08-26 17:09:53,2,6
396,542,2020-08-27 11:42:53,2,6
397,1437,2020-08-28 13:36:23,2,7
398,447,2020-08-29 17:38:17,1,2
399,1001,2020-08-29 17:32:03,2,7
400,1295,2020-08-29 20:32:52,2,6
401,103,2020-08-30 16:56:33,2,6
402,1335,2020-08-30 17:43:48,2,6
403,578,2020-08-31 18:49:28,1,3
404,396,2020-08-31 20:14:37,2,7
405,603,2020-08-31 09:35:29,2,6
406,1380,2020-08-31 18:49:59,2,7
407,77,2020-09-01 16:00:19,3,8
408,1071,2020-09-01 13:22:01,1,4
409,416,2020-09-01 19:58:46,2,7
410,1151,2020-09-01 19:46:54,2,6
411,261,2020-09-02 18:38:05,1,3
412,1202,2020-09-02 12:00:19,1,4
413,717,2020-09-02 18:56:08,2,6
414,917,2020-09-03 18:09:08,2,7
415,1265,2020-09-03 10:16:41,2,5
416,1377,2020-09-03 16:13:04,2,7
417,359,2020-09-04 19:13:17,1,1
418,88,2020-09-04 19:29:51,2,6
419,14,2020-09-04 13:31:38,3,9
420,721,2020-09-05 17:05:12,3,2
421,240,2020-09-05 19:46:50,1,3
422,398,2020-09-06 20:51:15,2,6
423,1397,2020-09-06 16:28:19,2,7
424,67,2020-09-08 20:12:49,1,3
425,843,2020-09-08 16:22:56,2,6
426,944,2020-09-08 19:36:02,2,6
427,434,2020-09-09 10:34:47,1,2
428,1039,2020-09-09 17:42:26,2,5
429,153,2020-09-10 17:49:40,3,10
430,272,2020-09-11 16:33:30,2,6
431,1217,2020-09-11 09:40:41,2,6
432,169,2020-09-12 16:35:25,1,2
433,1062,2020-09-12 19:25:34,2,5
434,726,2020-09-13 19:09:07,2,6
435,773,2020-09-14 14:29:18,1,2
436,791,2020-09-16 19:08:25,2,7
437,1085,2020-09-16 16:00:04,2,5
438,314,2020-09-16 17:52:11,3,8
439,149,2020-09-17 17:10:24,2,6
440,882,2020-09-17 20:00:35,2,5
441,704,2020-09-18 19:23:22,1,4
442,667,2020-09-18 16:45:16,2,7
443,137,2020-09-18 09:36:15,1,2
444,30,2020-09-19 10:47:11,1,2
445,362,2020-09-19 17:45:26,2,5
446,399,2020-09-19 14:22:59,2,7
447,808,2020-09-20 12:26:12,3,8
448,101,2020-09-21 16:15:34,2,5
449,492,2020-09-21 17:49:46,2,7
450,575,2020-09-21 15:09:38,2,5
451,1146,2020-09-21 11:46:13,2,7
452,997,2020-09-22 11:34:10,2,7
453,1028,2020-09-22 19:25:55,2,5
454,988,2020-09-23 18:20:43,2,6
455,1055,2020-09-23 16:27:17,2,7
456,1061,2020-09-23 14:31:09,3,9
457,1349,2020-09-24 17:21:05,1,4
458,197,2020-09-25 16:07:35,2,6
459,874,2020-09-25 17:13:20,2,6
460,691,2020-09-25 19:55:14,3,8
461,853,2020-09-26 18:40:41,2,7
462,852,2020-09-27 18:22:54,2,6
463,964,2020-09-27 10:33:35,3,8
464,74,2020-09-28 11:42:01,2,7
465,1198,2020-09-28 16:28:31,2,6
466,1440,2020-09-28 17:44:53,2,7
467,555,2020-09-28 17:19:55,3,10
468,1261,2020-09-29 18:47:34,1,3
469,1089,2020-09-29 18:54:28,2,5
470,641,2020-09-30 11:01:16,1,4
471,697,2020-09-30 16:45:41,1,4
472,468,2020-09-30 19:27:33,2,7
473,549,2020-09-30 19:44:16,2,7
474,553,2020-10-01 10:06:03,1,3
475,24,2020-10-01 16:44:52,1,7
476,559,2020-10-01 18:35:52,2,6
477,449,2020-10-02 10:08:06,1,2
478,304,2020-10-02 16:35:43,2,7
479,984,2020-10-03 17:08:59,2,6
480,686,2020-10-04 19:49:38,1,3
481,481,2020-10-04 17:24:01,3,9
482,513,2020-10-05 19:58:18,2,5
483,703,2020-10-06 18:18:38,1,2
484,421,2020-10-06 19:45:08,2,5
485,465,2020-10-06 14:09:06,2,7
486,709,2020-10-06 16:44:36,2,5
487,82,2020-10-06 16:35:12,2,6
488,921,2020-10-06 19:07:59,2,5
489,899,2020-10-06 19:51:27,3,8
490,876,2020-10-07 19:51:28,2,6
491,1048,2020-10-08 18:42:56,1,2
492,191,2020-10-09 10:13:57,1,4
493,796,2020-10-09 20:52:18,1,3
494,875,2020-10-09 11:59:45,2,5
495,712,2020-10-10 16:58:40,1,3
496,193,2020-10-10 19:36:36,2,6
497,785,2020-10-10 16:06:43,2,5
498,133,2020-10-10 16:53:54,2,6
499,260,2020-10-11 19:01:03,1,1
500,148,2020-10-11 17:18:35,2,5
501,977,2020-10-11 20:19:32,2,7
502,401,2020-10-12 18:18:30,3,10
503,932,2020-10-13 17:39:00,2,6
504,1381,2020-10-14 19:02:33,1,2
505,721,2020-10-14 19:25:37,2,6
506,831,2020-10-14 17:42:41,2,6
507,1378,2020-10-15 19:44:16,1,4
508,1359,2020-10-15 17:38:52,2,5
509,235,2020-10-16 17:04:18,2,7
510,586,2020-10-17 17:58:59,2,5
511,377,2020-10-18 16:25:37,2,7
512,82,2020-10-19 16:21:47,3,7
513,155,2020-10-19 19:04:21,2,6
514,927,2020-10-19 13:11:43,2,7
515,986,2020-10-19 18:40:22,2,6
516,111,2020-10-21 18:29:49,2,5
517,613,2020-10-21 11:07:53,2,6
518,1374,2020-10-22 18:35:49,1,2
519,54,2020-10-22 18:41:00,2,5
520,639,2020-10-23 17:51:43,2,7
521,664,2020-10-23 17:18:00,2,6
522,72,2020-10-23 09:26:57,2,7
523,1056,2020-10-24 16:39:30,2,5
524,569,2020-10-25 19:37:00,1,1
525,1315,2020-10-26 18:13:21,1,3
526,1096,2020-10-26 15:15:22,2,6
527,506,2020-10-27 12:20:07,1,2
528,676,2020-10-28 14:03:11,2,7
529,753,2020-10-28 16:12:39,2,5
530,773,2020-10-28 16:03:42,2,6
531,116,2020-10-28 17:04:45,3,8
532,817,2020-10-29 19:09:28,2,5
533,1334,2020-10-29 16:30:22,2,6
534,1406,2020-10-29 18:52:45,2,7
535,835,2020-10-29 16:22:37,3,9
536,759,2020-10-31 11:19:13,1,3
537,1353,2020-10-31 18:59:26,1,2
538,34,2020-11-02 13:23:30,1,6
539,1144,2020-11-02 09:49:33,2,7
540,1429,2020-11-03 18:03:25,1,3
541,1228,2020-11-04 18:22:00,1,1
542,31,2020-11-04 09:58:18,3,7
543,6,2020-11-06 19:08:00,2,6
544,32,2020-11-06 16:41:47,1,7
545,1108,2020-11-08 16:03:33,3,9
546,470,2020-11-09 17:20:01,2,5
547,203,2020-11-09 16:39:42,3,8
548,739,2020-11-11 12:43:17,2,7
549,64,2020-11-12 16:57:47,3,9
550,892,2020-11-12 18:43:43,2,7
551,1169,2020-11-12 14:18:39,2,5
552,1282,2020-11-12 17:25:32,2,7
553,913,2020-11-12 18:59:04,3,10
554,104,2020-11-13 16:37:58,1,3
555,21,2020-11-13 17:59:32,2,5
556,61,2020-11-13 17:31:15,3,10
557,1248,2020-11-14 16:26:29,2,6
558,1443,2020-11-15 18:37:37,2,7
559,959,2020-11-16 19:49:46,1,2
560,1405,2020-11-18 15:43:25,2,6
561,90,2020-11-19 13:58:54,2,6
562,942,2020-11-19 14:22:08,2,7
563,365,2020-11-20 18:41:27,2,6
564,1058,2020-11-20 15:39:22,2,7
565,894,2020-11-21 17:40:26,2,5
566,298,2020-11-22 10:16:35,1,4
567,1430,2020-11-22 12:13:04,1,2
568,1275,2020-11-23 18:07:52,1,1
569,707,2020-11-23 18:01:39,2,6
570,989,2020-11-23 18:50:08,2,6
571,5,2020-11-24 18:38:43,1,2
572,178,2020-11-24 19:51:28,2,5
573,423,2020-11-24 17:55:47,2,6
574,833,2020-11-26 11:29:30,2,7
575,33,2020-11-27 17:10:13,1,3
576,1272,2020-11-27 18:43:30,1,3
577,445,2020-11-27 18:10:54,2,5
578,819,2020-11-27 16:37:31,2,7
579,160,2020-11-27 16:44:08,3,8
580,581,2020-11-30 16:56:35,1,3
581,688,2020-12-03 19:44:51,1,1
582,32,2020-12-04 18:21:53,1,2
583,792,2020-12-04 19:22:07,2,7
584,1209,2020-12-04 16:53:22,2,5
585,1219,2020-12-04 17:05:03,2,7
586,1306,2020-12-04 17:23:28,2,5
587,487,2020-12-06 14:08:28,1,4
588,102,2020-12-06 17:15:16,2,7
589,719,2020-12-06 16:18:48,2,7
590,990,2020-12-06 18:47:27,2,5
591,1211,2020-12-06 14:52:16,2,7
592,1232,2020-12-06 19:14:45,2,7
593,50,2020-12-07 13:02:49,3,8
594,1318,2020-12-07 18:19:40,3,10
595,538,2020-12-08 16:08:28,1,2
596,952,2020-12-08 16:49:09,1,3
597,1121,2020-12-08 16:05:03,2,5
598,40,2020-12-09 18:01:18,1,4
599,12,2020-12-09 18:27:12,1,6
600,624,2020-12-09 16:26:02,2,7
601,683,2020-12-09 17:29:57,2,5
602,823,2020-12-09 17:46:55,2,6
603,1032,2020-12-09 16:38:23,2,5
604,96,2020-12-10 17:25:59,2,7
605,1208,2020-12-10 16:47:03,2,6
606,18,2020-12-11 14:28:29,2,7
607,309,2020-12-11 10:48:11,2,6
608,1103,2020-12-12 09:40:27,1,3
609,896,2020-12-12 16:31:12,2,7
610,711,2020-12-13 10:15:46,2,5
611,1073,2020-12-15 17:52:12,2,7
612,634,2020-12-16 18:09:26,2,7
613,1159,2020-12-17 16:41:30,2,5
614,654,2020-12-18 19:15:53,1,2
615,560,2020-12-19 19:13:26,3,9
616,1444,2020-12-20 16:42:06,2,6
617,118,2020-12-21 17:05:31,2,7
618,131,2020-12-21 19:18:42,2,6
619,454,2020-12-22 18:34:13,2,7
620,466,2020-12-22 09:17:10,2,6
621,1157,2020-12-23 12:06:03,2,5
622,1398,2020-12-23 17:57:23,2,7
623,678,2020-12-24 17:36:14,2,6
624,814,2020-12-24 09:28:31,2,5
625,1163,2020-12-25 09:29:55,1,2
626,130,2020-12-25 19:21:47,2,7
627,1119,2020-12-25 09:53:28,2,6
628,561,2020-12-26 15:03:29,1,3
629,973,2020-12-26 17:13:15,1,4
630,1404,2020-12-26 17:47:39,2,6
631,855,2020-12-27 14:19:18,1,3
632,163,2020-12-27 19:45:24,2,5
633,1040,2020-12-28 18:46:56,3,9
634,27,2020-12-29 14:16:18,2,6
635,520,2020-12-30 17:21:27,2,6
636,532,2021-01-03 09:00:20,1,2
637,512,2021-01-03 15:36:22,2,6
638,1302,2021-01-04 15:49:31,2,5
639,550,2021-01-06 17:26:55,2,6
640,1093,2021-01-06 19:01:38,2,6
641,673,2021-01-07 18:02:54,1,3
642,847,2021-01-07 12:35:23,2,7
643,901,2021-01-08 19:56:45,1,1
644,439,2021-01-08 15:20:43,2,6
645,1199,2021-01-08 17:31:47,2,6
646,975,2021-01-09 20:54:23,1,2
647,283,2021-01-09 19:38:00,2,7
648,684,2021-01-09 19:30:34,2,6
649,1153,2021-01-10 20:39:43,1,4
650,729,2021-01-11 09:14:26,1,2
651,190,2021-01-11 16:22:37,2,7
652,985,2021-01-12 13:24:26,3,9
653,1249,2021-01-14 19:14:01,1,2
654,1129,2021-01-14 16:12:28,2,5
655,347,2021-01-16 16:10:27,1,3
656,949,2021-01-16 11:02:03,2,7
657,349,2021-01-17 14:46:07,1,4
658,105,2021-01-17 10:07:17,1,2
659,1391,2021-01-17 19:32:27,2,7
660,383,2021-01-18 09:53:36,2,5
661,626,2021-01-18 17:40:45,2,6
662,1125,2021-01-19 09:44:53,1,3
663,344,2021-01-20 18:50:48,1,3
664,681,2021-01-20 20:26:09,2,7
665,29,2021-01-21 20:05:32,2,6
666,770,2021-01-21 19:30:20,2,7
667,858,2021-01-22 18:15:55,2,7
668,297,2021-01-22 14:28:03,3,8
669,745,2021-01-23 19:41:07,2,7
670,361,2021-01-24 14:04:02,2,5
671,922,2021-01-25 13:05:12,2,7
672,908,2021-01-26 09:09:34,2,6
673,643,2021-01-26 18:03:30,1,10
674,733,2021-01-27 13:18:10,2,6
675,291,2021-01-28 13:56:37,2,5
676,790,2021-01-28 13:41:52,2,7
677,809,2021-01-28 12:53:04,2,7
678,250,2021-01-28 18:54:44,3,9
679,811,2021-01-29 15:07:58,1,4
680,245,2021-01-29 10:53:41,1,3
681,499,2021-01-29 12:08:31,2,5
682,614,2021-01-29 09:46:16,2,5
683,741,2021-01-29 09:33:17,2,6
684,762,2021-01-31 16:14:21,2,6
685,976,2021-01-31 20:35:51,2,7
686,380,2021-02-01 18:37:00,2,5
687,530,2021-02-02 11:49:47,1,4
688,343,2021-02-02 09:26:48,2,7
689,884,2021-02-02 16:50:25,2,5
690,1097,2021-02-03 14:16:24,1,2
691,1081,2021-02-04 17:28:40,2,7
692,21,2021-02-05 09:25:40,1,1
693,1233,2021-02-05 20:10:11,1,3
694,582,2021-02-05 19:02:17,1,7
695,606,2021-02-05 20:12:31,2,5
696,1242,2021-02-05 19:19:38,2,7
697,562,2021-02-06 13:54:26,1,2
698,543,2021-02-06 10:47:36,3,8
699,958,2021-02-06 18:49:34,3,9
700,42,2021-02-07 20:49:21,1,6
701,850,2021-02-07 12:54:54,3,10
702,1352,2021-02-08 11:59:39,1,3
703,417,2021-02-08 10:02:18,2,7
704,1137,2021-02-08 13:32:50,2,6
705,1196,2021-02-08 10:38:24,2,7
706,127,2021-02-09 18:19:49,1,1
707,79,2021-02-09 16:19:35,2,7
708,660,2021-02-10 11:15:29,1,2
709,1162,2021-02-11 12:36:18,2,6
710,295,2021-02-13 11:02:26,2,6
711,1246,2021-02-13 11:02:55,2,5
712,173,2021-02-13 17:09:55,3,10
713,207,2021-02-13 09:43:10,3,8
714,805,2021-02-14 13:11:26,2,7
715,12,2021-02-15 19:58:13,2,6
716,67,2021-02-15 15:44:26,2,5
717,131,2021-02-15 09:33:08,2,6
718,38,2021-02-16 13:00:40,2,7
719,200,2021-02-16 15:25:21,2,5
720,382,2021-02-16 13:24:16,2,6
721,625,2021-02-16 09:03:58,2,7
722,1399,2021-02-18 17:20:31,2,7
723,845,2021-02-19 19:29:25,2,6
724,864,2021-02-19 19:21:35,2,6
725,870,2021-02-19 15:45:45,2,7
726,969,2021-02-19 20:02:33,2,6
727,962,2021-02-19 20:01:41,3,9
728,1138,2021-02-20 20:10:45,1,3
729,897,2021-02-20 13:37:09,2,7
730,500,2021-02-21 14:46:12,2,6
731,910,2021-02-25 11:41:51,3,9
732,147,2021-02-26 16:32:53,2,7
733,832,2021-02-26 09:13:44,2,5
734,939,2021-02-26 11:43:50,3,8
735,20,2021-02-27 10:18:10,3,9
736,184,2021-02-27 09:12:56,2,7
737,694,2021-02-27 14:39:15,2,6
738,1241,2021-02-28 14:55:48,1,1
739,4,2021-02-28 09:09:15,2,6
740,1113,2021-02-28 18:19:38,2,5
741,11,2021-02-28 09:23:32,3,8
742,433,2021-02-28 09:31:04,3,9
743,137,2021-03-01 19:36:58,2,6
744,166,2021-03-01 12:46:54,2,7
745,698,2021-03-01 13:40:15,2,5
746,391,2021-03-02 18:33:32,1,3
747,87,2021-03-03 15:04:19,1,3
748,1072,2021-03-03 14:16:54,3,8
749,255,2021-03-04 12:39:05,2,7
750,232,2021-03-04 17:13:04,3,8
751,73,2021-03-05 20:03:36,1,4
752,335,2021-03-05 16:19:37,2,6
753,1201,2021-03-05 15:37:44,2,5
754,646,2021-03-06 18:23:04,1,2
755,53,2021-03-06 17:28:51,1,6
756,1143,2021-03-06 20:17:07,2,6
757,1336,2021-03-06 15:54:25,2,7
758,953,2021-03-06 18:14:33,3,10
759,284,2021-03-07 16:51:08,2,7
760,1104,2021-03-07 14:46:28,2,6
761,1291,2021-03-07 19:48:19,2,7
762,572,2021-03-08 09:18:48,2,6
763,842,2021-03-08 17:16:57,3,9
764,701,2021-03-09 14:14:36,1,2
765,1152,2021-03-09 10:42:25,1,1
766,14,2021-03-09 16:41:54,1,5
767,564,2021-03-09 16:33:50,2,5
768,841,2021-03-09 11:46:28,2,7
769,946,2021-03-09 12:36:30,2,6
770,135,2021-03-09 10:40:02,3,9
771,67,2021-03-11 13:36:21,1,3
772,448,2021-03-11 15:42:56,2,7
773,1385,2021-03-11 18:36:24,2,6
774,690,2021-03-12 14:44:53,2,5
775,968,2021-03-12 09:58:00,2,6
776,490,2021-03-13 17:57:44,2,6
777,496,2021-03-13 17:31:18,2,5
778,56,2021-03-15 20:47:23,3,9
779,367,2021-03-15 16:16:07,2,6
780,592,2021-03-15 17:08:57,2,5
781,1018,2021-03-15 20:02:03,2,6
782,1298,2021-03-15 19:00:41,2,5
783,1343,2021-03-16 10:25:13,1,2
784,430,2021-03-16 12:18:30,2,7
785,794,2021-03-18 10:11:17,1,2
786,249,2021-03-18 09:02:01,2,6
787,700,2021-03-18 12:09:52,3,8
788,1363,2021-03-18 20:09:40,3,9
789,772,2021-03-19 20:37:41,2,5
790,1015,2021-03-19 12:08:06,2,7
791,432,2021-03-20 20:39:02,2,6
792,479,2021-03-22 10:46:10,2,5
793,653,2021-03-23 20:24:04,2,6
794,863,2021-03-23 15:44:41,2,7
795,992,2021-03-23 18:16:53,2,7
796,154,2021-03-23 15:05:48,3,10
797,374,2021-03-24 20:57:57,2,7
798,619,2021-03-26 11:43:29,1,4
799,607,2021-03-27 20:54:52,1,3
800,1057,2021-03-27 11:14:10,2,6
801,78,2021-03-28 14:16:52,1,1
802,340,2021-03-28 09:27:15,2,5
803,1105,2021-03-28 09:23:42,3,8
804,95,2021-03-29 19:17:55,2,6
805,420,2021-03-29 16:22:51,2,6
806,234,2021-03-30 15:45:02,2,7
807,1148,2021-03-30 15:49:12,2,6
808,315,2021-03-31 12:58:38,2,5
809,1222,2021-03-31 11:21:47,2,7
810,153,2021-04-01 17:16:27,3,8
811,524,2021-04-01 14:09:16,2,7
812,1164,2021-04-01 12:54:28,2,7
813,1203,2021-04-01 18:19:17,3,9
814,629,2021-04-02 11:34:37,2,7
815,1251,2021-04-03 17:54:55,1,3
816,811,2021-04-03 10:26:54,2,6
817,301,2021-04-04 13:29:40,2,5
818,1319,2021-04-04 15:56:35,2,6
819,221,2021-04-04 19:28:53,3,9
820,725,2021-04-05 12:34:07,2,7
821,1181,2021-04-05 18:35:36,2,7
822,294,2021-04-06 12:52:39,2,5
823,415,2021-04-06 19:10:39,3,10
824,993,2021-04-07 19:39:29,1,1
825,102,2021-04-07 20:08:51,1,5
826,45,2021-04-07 10:07:17,2,5
827,666,2021-04-07 13:46:51,2,7
828,246,2021-04-09 18:40:05,2,5
829,674,2021-04-09 17:50:40,2,5
830,431,2021-04-11 20:34:51,2,5
831,1000,2021-04-11 12:10:40,2,6
832,1215,2021-04-11 14:15:22,2,5
833,406,2021-04-12 15:04:44,2,7
834,890,2021-04-12 17:10:27,2,6
835,940,2021-04-13 13:34:18,1,2
836,455,2021-04-13 16:25:34,2,7
837,948,2021-04-13 11:34:38,2,5
838,1395,2021-04-14 20:15:22,2,7
839,1332,2021-04-15 20:02:35,1,3
840,372,2021-04-15 09:40:07,2,6
841,428,2021-04-15 09:15:01,2,7
842,1133,2021-04-15 12:51:04,2,6
843,1059,2021-04-16 13:40:54,2,7
844,1436,2021-04-16 12:19:25,2,6
845,662,2021-04-17 20:36:21,2,7
846,715,2021-04-17 19:00:21,2,6
847,329,2021-04-18 10:09:55,2,7
848,597,2021-04-18 15:19:54,2,7
849,776,2021-04-19 12:25:14,1,1
850,1346,2021-04-19 16:40:04,1,4
851,1139,2021-04-20 10:34:27,2,6
852,13,2021-04-21 20:30:26,1,9
853,883,2021-04-21 16:48:32,3,8
854,177,2021-04-22 13:45:35,2,5
855,775,2021-04-22 16:35:41,2,6
856,477,2021-04-23 09:25:03,2,6
857,1402,2021-04-24 15:07:59,2,7
858,162,2021-04-25 16:54:50,2,6
859,644,2021-04-25 09:11:07,2,6
860,473,2021-04-27 17:50:25,2,7
861,1177,2021-04-27 16:16:14,2,7
862,1230,2021-04-27 11:15:59,3,8
863,446,2021-04-28 17:53:31,2,7
864,902,2021-04-28 09:36:06,2,5
865,974,2021-04-29 18:40:46,2,5
866,1410,2021-04-29 13:27:58,2,6
867,9,2021-05-01 14:18:10,1,3
868,868,2021-05-01 20:11:29,1,4
869,844,2021-05-01 20:59:29,2,7
870,1416,2021-05-01 19:01:12,2,6
871,358,2021-05-02 15:46:15,2,7
872,394,2021-05-03 09:40:15,1,3
873,829,2021-05-03 12:51:19,2,7
874,661,2021-05-04 20:45:58,2,7
875,386,2021-05-05 12:57:34,1,2
876,1046,2021-05-05 10:02:37,2,7
877,784,2021-05-06 16:21:15,2,6
878,224,2021-05-07 20:40:45,1,3
879,214,2021-05-08 20:19:22,2,7
880,1206,2021-05-08 16:24:49,2,6
881,1024,2021-05-08 19:27:51,3,9
882,196,2021-05-09 10:48:34,2,6
883,507,2021-05-11 19:14:33,2,6
884,871,2021-05-11 15:21:49,2,7
885,66,2021-05-13 10:31:04,3,8
886,1396,2021-05-13 17:23:57,1,4
887,1195,2021-05-13 18:19:20,2,6
888,1038,2021-05-14 12:04:57,2,7
889,830,2021-05-14 19:40:53,3,8
890,171,2021-05-15 09:50:35,2,5
891,384,2021-05-15 09:27:58,2,6
892,651,2021-05-15 20:12:13,2,5
893,1293,2021-05-16 09:23:37,2,7
894,1320,2021-05-16 17:09:54,2,5
895,857,2021-05-18 20:40:08,2,6
896,376,2021-05-19 15:55:00,3,10
897,471,2021-05-20 13:54:20,1,2
898,352,2021-05-20 12:42:24,2,6
899,605,2021-05-20 16:02:42,2,7
900,97,2021-05-20 17:41:42,1,6
901,345,2021-05-21 20:34:48,2,7
902,1278,2021-05-21 20:36:20,2,6
903,179,2021-05-22 09:30:46,2,7
904,1020,2021-05-23 19:34:36,1,1
905,609,2021-05-23 11:50:56,2,6
906,877,2021-05-23 18:25:02,2,7
907,120,2021-05-24 20:23:43,1,1
908,402,2021-05-25 18:58:47,2,7
909,188,2021-05-26 09:28:18,1,2
910,342,2021-05-26 14:37:25,2,7
911,887,2021-05-26 12:21:40,2,6
912,519,2021-05-27 19:21:50,1,2
913,699,2021-05-27 11:54:06,2,5
914,1068,2021-05-28 20:43:25,1,4
915,215,2021-05-28 15:22:03,2,5
916,718,2021-05-28 17:31:17,2,6
917,88,2021-05-29 11:29:37,1,1
918,242,2021-05-30 15:47:09,1,3
919,781,2021-05-30 13:33:43,2,7
920,966,2021-05-30 16:08:03,2,7
921,628,2021-05-31 15:12:25,2,6
922,656,2021-05-31 15:49:07,2,5
923,769,2021-05-31 12:31:59,2,7
924,68,2021-06-02 10:17:05,3,8
925,1316,2021-06-02 10:40:00,2,7
926,233,2021-06-03 13:51:38,1,2
927,1438,2021-06-03 15:17:30,1,2
928,957,2021-06-05 09:30:02,1,3
929,472,2021-06-05 10:08:59,2,5
930,1224,2021-06-05 17:44:08,3,10
931,631,2021-06-07 11:44:13,2,6
932,804,2021-06-07 18:40:32,2,6
933,909,2021-06-07 15:34:01,2,5
934,93,2021-06-09 17:07:19,2,7
935,43,2021-06-10 09:00:36,3,8
936,265,2021-06-10 10:51:03,2,6
937,73,2021-06-11 17:05:24,2,5
938,129,2021-06-11 13:04:02,2,6
939,1407,2021-06-11 18:53:34,2,5
940,585,2021-06-12 13:09:40,1,2
941,736,2021-12-06 16:48:36,1,2
942,537,2021-06-13 12:26:01,2,5
943,1025,2021-06-13 13:53:30,2,6
944,138,2021-06-14 19:26:54,1,3
945,167,2021-06-14 15:10:19,2,7
946,525,2021-06-14 20:26:32,2,6
947,278,2021-06-15 12:15:40,1,3
948,618,2021-06-15 17:55:26,2,5
949,867,2021-06-16 12:24:04,1,4
950,142,2021-06-16 13:24:52,2,6
951,339,2021-06-16 11:55:43,2,7
952,355,2021-06-16 20:31:55,2,7
953,658,2021-06-16 14:17:33,2,7
954,611,2021-06-17 11:55:40,2,6
955,880,2021-06-17 14:42:50,2,6
956,1184,2021-06-17 18:42:42,2,6
957,722,2021-06-17 13:54:40,3,9
958,1276,2021-06-18 11:41:22,1,1
959,650,2021-06-18 15:12:42,2,7
960,1390,2021-06-18 12:31:54,2,7
961,82,2021-06-19 20:52:04,1,2
962,570,2021-06-19 17:43:50,2,7
963,1432,2021-06-19 11:52:59,2,5
964,404,2021-06-20 13:12:39,2,7
965,457,2021-06-20 17:17:01,2,5
966,389,2021-06-20 15:26:53,3,8
967,1323,2021-06-21 14:42:17,2,6
968,1403,2021-06-21 17:53:43,2,6
969,248,2021-06-21 17:53:06,3,9
970,836,2021-06-22 12:08:48,2,7
971,1426,2021-06-22 17:32:21,3,8
972,270,2021-06-23 12:09:24,2,7
973,238,2021-06-24 14:41:37,2,6
974,511,2021-06-24 10:21:21,3,8
975,1092,2021-06-25 13:43:37,2,6
976,1266,2021-06-25 20:55:44,3,9
977,400,2021-06-26 14:40:22,2,7
978,1123,2021-06-26 13:24:06,2,5
979,1190,2021-06-26 18:58:25,2,6
980,328,2021-06-26 09:32:35,3,9
981,687,2021-06-26 19:23:28,3,8
982,1423,2021-06-26 10:54:03,3,10
983,1158,2021-06-27 19:41:54,2,5
984,1287,2021-06-27 17:40:38,2,5
985,46,2021-06-30 16:50:15,2,6
986,556,2021-06-30 16:27:51,2,5
987,172,2021-07-02 09:42:16,1,1
988,436,2021-07-02 10:52:10,2,6
989,1145,2021-07-02 09:17:19,2,5
990,706,2021-07-04 12:05:37,2,7
991,751,2021-07-06 20:05:02,1,2
992,723,2021-07-07 10:31:55,2,7
993,1415,2021-07-09 18:05:25,1,3
994,419,2021-07-09 15:26:42,2,7
995,621,2021-07-11 12:30:04,1,2
996,915,2021-07-11 14:54:05,1,4
997,485,2021-07-11 18:04:48,2,7
998,219,2021-07-12 10:25:27,2,7
999,590,2021-07-12 17:15:16,2,6
1000,645,2021-07-12 09:12:48,2,7
1001,354,2021-07-13 18:36:58,2,6
1002,1418,2021-07-14 12:07:37,1,3
1003,503,2021-07-14 18:15:10,2,7
1004,1389,2021-07-14 09:54:46,2,6
1005,266,2021-07-15 16:14:32,2,7
1006,1070,2021-07-15 20:18:19,2,5
1007,1115,2021-07-16 11:19:41,2,6
1008,1345,2021-07-16 19:47:51,2,5
1009,1064,2021-07-16 15:19:52,3,8
1010,82,2021-07-18 20:01:49,1,2
1011,495,2021-07-18 13:33:32,1,1
1012,620,2021-07-18 12:04:01,2,7
1013,174,2021-07-19 10:23:32,2,5
1014,748,2021-07-19 13:44:17,2,6
1015,799,2021-07-19 10:47:11,2,7
1016,1417,2021-07-19 10:53:18,3,9
1017,168,2021-07-20 17:55:53,2,6
1018,290,2021-07-22 15:13:22,2,6
1019,408,2021-07-22 17:15:04,2,7
1020,16,2021-07-23 18:53:02,1,6
1021,125,2021-07-23 13:23:30,2,6
1022,353,2021-07-23 11:31:07,2,7
1023,356,2021-07-23 20:41:21,2,6
1024,837,2021-07-23 15:50:55,2,7
1025,1304,2021-07-23 14:13:24,2,6
1026,1370,2021-07-26 12:45:58,1,2
1027,588,2021-07-26 10:49:20,2,6
1028,1273,2021-07-27 19:20:28,2,7
1029,407,2021-07-29 12:22:28,1,3
1030,161,2021-07-29 14:32:30,2,5
1031,1308,2021-07-30 14:34:40,1,2
1032,429,2021-07-30 13:52:49,2,6
1033,582,2021-07-30 20:13:28,2,7
1034,895,2021-07-30 10:01:55,2,5
1035,1283,2021-07-30 20:21:35,2,6
1036,1442,2021-07-30 11:47:31,2,6
1037,1229,2021-07-31 12:39:11,2,6
1038,1281,2021-07-31 15:20:18,2,7
1039,1077,2021-08-02 12:08:17,2,7
1040,1225,2021-08-04 20:33:00,1,4
1041,70,2021-08-04 14:15:57,2,5
1042,539,2021-08-06 15:09:28,2,7
1043,1235,2021-08-06 14:20:56,2,6
1044,1270,2021-08-07 14:06:06,2,7
1045,185,2021-08-07 11:39:37,3,10
1046,1134,2021-08-07 20:19:57,3,8
1047,116,2021-08-08 12:36:50,3,9
1048,777,2021-08-08 15:34:42,2,5
1049,194,2021-08-09 20:42:35,1,2
1050,239,2021-08-09 16:45:16,1,3
1051,209,2021-08-10 18:57:10,2,7
1052,460,2021-08-10 19:03:16,2,5
1053,1439,2021-08-10 19:45:59,2,6
1054,189,2021-08-11 13:05:56,2,7
1055,140,2021-08-12 15:22:28,2,5
1056,325,2021-08-12 18:06:33,2,6
1057,456,2021-08-12 18:33:19,2,7
1058,782,2021-08-13 18:15:26,2,5
1059,6,2021-08-14 19:59:47,2,7
1060,182,2021-08-15 09:57:22,2,6
1061,655,2021-08-15 15:51:32,2,7
1062,1210,2021-08-15 15:40:32,2,6
1063,198,2021-08-16 13:37:23,3,8
1064,898,2021-08-16 09:44:12,3,9
1065,2,2021-08-17 13:41:48,2,7
1066,106,2021-08-17 16:08:58,2,5
1067,225,2021-08-17 14:37:06,2,7
1068,453,2021-08-17 09:55:27,2,5
1069,493,2021-08-17 15:01:14,2,6
1070,596,2021-08-17 10:16:42,2,7
1071,602,2021-08-17 09:31:12,3,10
1072,47,2021-08-18 14:33:52,1,3
1073,911,2021-08-18 16:00:18,2,7
1074,11,2021-08-19 12:37:31,2,6
1075,1003,2021-08-19 13:16:36,1,3
1076,42,2021-08-19 12:15:11,2,5
1077,412,2021-08-19 10:15:32,2,6
1078,793,2021-08-19 10:25:33,2,6
1079,812,2021-08-19 12:52:29,2,7
1080,1086,2021-08-19 20:08:43,2,5
1081,1106,2021-08-19 13:08:08,2,6
1082,1327,2021-08-20 16:03:48,2,6
1083,1372,2021-08-20 17:05:11,2,6
1084,211,2021-08-21 19:39:03,2,7
1085,305,2021-08-21 11:46:30,1,3
1086,220,2021-08-21 17:08:12,2,7
1087,675,2021-08-22 11:39:47,3,8
1088,1160,2021-08-22 12:36:36,3,8
1089,46,2021-08-23 13:59:22,1,2
1090,1427,2021-08-24 17:31:12,1,4
1091,1260,2021-08-24 12:23:50,2,7
1092,40,2021-08-25 09:30:39,1,2
1093,326,2021-08-25 14:15:43,1,3
1094,828,2021-08-25 15:15:28,2,5
1095,1382,2021-08-26 15:02:31,3,9
1096,589,2021-08-27 13:33:00,1,2
1097,1311,2021-08-27 10:43:04,2,6
1098,752,2021-08-28 10:31:47,1,1
1099,1128,2021-08-28 13:04:40,2,6
1100,1392,2021-08-28 10:18:58,2,5
1101,379,2021-08-29 12:13:23,2,7
1102,1317,2021-08-29 12:13:29,2,6
1103,1394,2021-08-31 11:22:05,2,7
1104,268,2021-09-01 19:15:57,2,6
1105,747,2021-09-01 19:31:04,3,8
1106,1009,2021-09-02 09:48:25,2,6
1107,1424,2021-09-02 18:09:34,2,7
1108,735,2021-09-03 19:01:51,1,1
1109,23,2021-09-03 17:49:50,2,6
1110,912,2021-09-04 20:42:36,2,6
1111,930,2021-09-04 15:53:11,2,5
1112,798,2021-09-05 09:52:36,2,7
1113,388,2021-09-06 13:06:57,2,7
1114,1036,2021-09-06 19:36:38,2,6
1115,1100,2021-09-07 18:58:49,2,6
1116,52,2021-09-08 18:48:09,2,7
1117,334,2021-09-08 11:08:17,2,5
1118,1023,2021-09-08 17:01:28,2,6
1119,749,2021-09-10 14:55:41,1,2
1120,1269,2021-09-10 19:22:45,2,5
1121,143,2021-09-11 10:23:30,2,7
1122,1132,2021-09-12 13:33:04,2,6
1123,598,2021-09-13 19:37:52,2,7
1124,275,2021-09-13 16:37:52,3,9
1125,945,2021-09-14 12:08:49,2,7
1126,1213,2021-09-14 16:31:19,3,10
1127,494,2021-09-15 11:58:12,2,7
1128,936,2021-09-15 16:37:47,2,6
1129,663,2021-09-17 13:30:17,2,6
1130,69,2021-09-18 16:52:58,1,3
1131,1178,2021-09-18 10:52:43,1,3
1132,351,2021-09-19 09:58:51,2,6
1133,517,2021-09-19 17:42:15,2,7
1134,978,2021-09-19 14:44:59,2,6
1135,1347,2021-09-19 17:14:24,2,5
1136,1050,2021-09-20 09:08:19,2,6
1137,810,2021-09-20 10:18:01,3,8
1138,254,2021-09-21 09:20:46,1,2
1139,1006,2021-09-21 20:54:41,1,2
1140,1063,2021-09-21 09:22:24,3,8
1141,1076,2021-09-22 18:51:16,1,2
1142,554,2021-09-23 13:51:02,1,1
1143,1087,2021-09-24 16:28:21,1,2
1144,1414,2021-09-24 15:45:02,2,7
1145,617,2021-09-25 17:26:51,2,6
1146,757,2021-09-25 17:46:51,2,7
1147,1344,2021-09-25 09:28:41,2,6
1148,1379,2021-09-25 19:52:58,2,7
1149,787,2021-09-27 17:11:44,2,7
1150,1183,2021-09-28 20:19:46,2,7
1151,708,2021-09-29 14:55:40,1,3
1152,1244,2021-09-29 11:55:35,2,6
1153,720,2021-09-30 14:20:12,2,7
1154,789,2021-09-30 18:11:52,2,5
1155,865,2021-09-30 09:49:24,2,7
1156,869,2021-09-30 14:55:51,2,5
1157,24,2021-10-01 14:24:36,1,3
1158,889,2021-10-01 13:28:53,1,1
1159,1221,2021-10-01 20:33:54,1,3
1160,1262,2021-10-01 17:50:57,1,2
1161,41,2021-10-01 19:12:59,2,5
1162,888,2021-10-01 13:30:01,2,6
1163,934,2021-10-01 20:25:27,2,6
1164,1067,2021-10-01 18:30:31,2,6
1165,652,2021-10-02 11:45:59,2,7
1166,286,2021-10-03 20:02:02,2,7
1167,900,2021-10-04 10:55:06,1,2
1168,1031,2021-10-04 16:50:23,2,6
1169,142,2021-10-04 15:58:27,1,2
1170,534,2021-10-05 18:01:48,2,6
1171,826,2021-10-05 18:58:46,2,5
1172,1339,2021-10-07 12:10:29,2,7
1173,548,2021-10-08 17:08:28,2,7
1174,1109,2021-10-08 10:15:35,2,5
1175,292,2021-10-09 19:58:42,2,6
1176,111,2021-10-10 17:45:02,1,3
1177,21,2021-10-12 17:22:05,3,10
1178,77,2021-10-12 16:02:24,1,2
1179,1150,2021-10-12 12:53:52,3,9
1180,1065,2021-10-13 15:58:48,1,3
1181,1022,2021-10-13 12:23:47,2,7
1182,1422,2021-10-13 10:21:07,2,7
1183,216,2021-10-14 17:26:01,2,6
1184,369,2021-10-14 11:34:42,2,6
1185,960,2021-10-14 12:50:59,2,5
1186,1120,2021-10-14 14:26:28,2,5
1187,486,2021-10-15 18:38:38,2,6
1188,647,2021-10-15 17:35:16,2,7
1189,1090,2021-10-15 11:14:11,2,5
1190,34,2021-10-16 16:34:31,2,6
1191,186,2021-10-17 14:59:21,2,6
1192,1114,2021-10-17 19:03:43,2,5
1193,1412,2021-10-17 13:14:09,2,7
1194,192,2021-10-19 09:11:27,1,2
1195,229,2021-10-19 15:24:10,2,7
1196,508,2021-10-19 09:52:20,2,5
1197,269,2021-10-21 19:38:01,2,6
1198,1289,2021-10-22 10:33:06,2,7
1199,318,2021-10-23 10:33:28,1,2
1200,48,2021-10-23 19:14:56,2,6
1201,201,2021-10-23 13:14:53,2,5
1202,593,2021-10-24 15:22:34,2,5
1203,1191,2021-10-25 19:33:43,2,7
1204,1277,2021-10-25 19:24:11,2,6
1205,1091,2021-10-26 19:26:20,1,2
1206,222,2021-10-26 11:59:43,2,5
1207,1002,2021-10-26 12:02:42,2,5
1208,1226,2021-10-26 17:14:26,2,7
1209,1342,2021-10-26 09:19:17,2,5
1210,730,2021-10-26 18:38:34,3,8
1211,19,2021-10-27 16:36:19,2,7
1212,213,2021-10-27 09:56:45,2,6
1213,669,2021-10-27 12:02:18,3,9
1214,783,2021-10-28 15:42:49,2,5
1215,807,2021-10-28 12:44:41,2,5
1216,886,2021-10-28 10:36:30,2,7
1217,1155,2021-10-28 13:22:51,2,7
1218,1017,2021-10-30 14:06:56,1,4
1219,840,2021-10-30 18:02:49,2,7
1220,803,2021-10-31 19:09:24,2,6
1221,1290,2021-10-31 10:34:24,2,7
1222,482,2021-11-01 15:05:56,3,8
1223,1207,2021-11-02 11:29:49,2,6
1224,544,2021-11-03 20:41:34,2,6
1225,768,2021-11-04 09:28:40,1,2
1226,226,2021-11-04 10:09:55,2,7
1227,702,2021-11-04 20:03:53,2,5
1228,1041,2021-11-04 12:46:18,2,6
1229,89,2021-11-05 12:09:22,1,1
1230,1107,2021-11-05 13:14:38,2,5
1231,1180,2021-11-05 09:41:13,2,6
1232,665,2021-11-06 14:32:52,1,3
1233,462,2021-11-06 12:13:57,2,6
1234,19,2021-11-07 18:03:30,2,5
1235,210,2021-11-07 19:25:17,2,5
1236,243,2021-11-08 19:37:29,2,7
1237,571,2021-11-09 19:05:33,1,2
1238,998,2021-11-09 12:28:17,2,6
1239,1197,2021-11-09 15:05:12,2,7
1240,903,2021-11-10 15:07:40,2,5
1241,1170,2021-11-10 18:23:18,2,7
1242,303,2021-11-11 10:31:03,2,5
1243,346,2021-11-11 15:30:27,2,6
1244,333,2021-11-12 11:10:02,2,6
1245,1166,2021-11-13 14:40:38,2,7
1246,1329,2021-11-13 16:09:56,2,5
1247,426,2021-11-16 20:45:52,1,2
1248,1367,2021-11-16 20:25:38,1,4
1249,545,2021-11-17 16:28:01,2,6
1250,1188,2021-11-17 10:16:32,2,5
1251,289,2021-11-17 10:09:43,3,10
1252,110,2021-11-18 09:38:37,1,3
1253,44,2021-11-18 15:55:12,2,6
1254,1098,2021-11-18 18:34:36,2,7
1255,375,2021-11-19 10:52:47,2,6
1256,458,2021-11-19 10:44:40,2,6
1257,1136,2021-11-19 20:38:19,2,7
1258,1099,2021-11-20 20:33:45,2,7
1259,4,2021-11-21 13:19:24,2,7
1260,1117,2021-11-22 14:21:08,2,6
1261,435,2021-11-23 10:34:58,2,7
1262,509,2021-11-23 13:55:07,2,5
1263,1408,2021-11-23 18:13:54,2,6
1264,113,2021-11-24 16:57:07,2,5
1265,950,2021-11-24 19:31:35,2,7
1266,387,2021-11-25 15:10:02,2,6
1267,467,2021-11-25 15:03:20,2,6
1268,774,2021-11-26 10:48:43,1,3
1269,1236,2021-11-26 17:10:18,2,5
1270,1388,2021-11-26 18:03:01,2,6
1271,734,2021-11-27 19:02:20,2,5
1272,935,2021-11-27 16:41:17,2,6
1273,1268,2021-11-27 20:43:39,2,5
1274,1364,2021-11-28 20:20:26,2,7
1275,165,2021-11-29 20:55:30,1,2
1276,893,2021-11-30 18:58:40,2,6
1277,227,2021-12-01 19:38:51,2,6
1278,980,2021-12-01 19:48:05,2,5
1279,1014,2021-12-01 17:46:47,2,6
1280,1233,2021-12-01 15:05:00,3,9
1281,1060,2021-12-02 09:51:05,2,5
1282,320,2021-12-03 14:22:40,2,6
1283,85,2021-12-04 09:24:50,2,5
1284,128,2021-12-04 17:31:00,2,7
1285,262,2021-12-04 10:48:44,2,5
1286,1033,2021-12-04 11:26:42,2,7
1287,279,2021-12-07 14:19:41,1,3
1288,778,2021-12-07 15:16:58,3,9
1289,1292,2021-12-08 13:40:44,1,3
1290,967,2021-12-08 18:55:34,2,5
1291,1284,2021-12-09 17:06:12,2,6
1292,285,2021-12-10 09:41:57,2,6
1293,1401,2021-12-10 18:02:02,2,5
1294,947,2021-12-11 15:53:18,1,1
1295,37,2021-12-11 17:24:37,2,7
1296,231,2021-12-14 20:17:05,1,3
1297,108,2021-12-14 15:44:32,2,6
1298,533,2021-12-14 15:10:47,3,8
1299,1216,2021-12-15 17:12:08,1,2
1300,824,2021-12-15 18:50:17,2,6
1301,1088,2021-12-16 17:53:53,1,3
1302,322,2021-12-16 16:30:33,2,7
1303,878,2021-12-16 12:30:39,2,7
1304,1409,2021-12-16 20:49:10,2,6
1305,257,2021-12-17 12:04:01,2,7
1306,28,2021-12-20 12:31:40,2,6
1307,1384,2021-12-22 15:24:43,1,1
1308,713,2021-12-22 15:16:40,2,7
1309,821,2021-12-22 10:23:44,2,6
1310,444,2021-12-24 18:39:57,1,3
1311,1021,2021-12-24 10:31:44,2,5
1312,311,2021-12-25 10:14:37,1,4
1313,1294,2021-12-25 10:23:50,1,3
1314,1027,2021-12-25 18:21:41,2,7
1315,93,2021-12-25 14:02:28,1,3
1316,846,2021-12-26 13:54:14,1,1
1317,418,2021-12-27 15:56:54,1,4
1318,75,2021-12-27 20:42:01,2,6
1319,604,2021-12-27 12:46:48,2,6
1320,244,2021-12-28 15:09:15,1,3
1321,217,2021-12-30 18:41:52,1,2
1322,39,2021-12-31 17:25:03,2,7
1323,273,2021-12-31 13:48:06,2,5
1324,862,2022-01-01 14:42:15,2,6
1325,68,2022-01-01 14:40:31,3,8
1326,567,2022-01-01 09:53:28,3,9
1327,1026,2022-01-02 18:59:00,2,6
1328,1083,2022-01-02 19:10:07,2,6
1329,443,2022-01-04 16:26:18,1,3
1330,761,2022-01-04 19:53:53,2,7
1331,1122,2022-01-05 18:41:09,2,5
1332,256,2022-01-06 09:14:04,2,7
1333,203,2022-01-06 14:43:08,3,10
1334,425,2022-01-07 20:25:00,2,5
1335,955,2022-01-07 18:01:57,2,7
1336,904,2022-01-09 13:32:07,1,2
1337,970,2022-01-09 16:38:48,2,7
1338,905,2022-01-10 19:55:58,2,6
1339,580,2022-01-11 10:22:37,1,1
1340,1066,2022-01-12 17:05:03,1,3
1341,1258,2022-01-12 19:39:02,2,5
1342,1393,2022-01-12 17:01:56,2,7
1343,594,2022-01-13 11:03:58,2,6
1344,916,2022-01-13 17:01:05,2,6
1345,1037,2022-01-14 17:47:24,2,5
1346,1363,2022-01-14 18:07:58,3,10
1347,247,2022-01-15 17:47:05,1,2
1348,1214,2022-01-15 16:42:34,1,2
1349,464,2022-01-15 09:06:45,2,6
1350,637,2022-01-15 19:19:16,2,7
1351,1016,2022-01-16 11:04:01,2,7
1352,1433,2022-01-16 16:22:43,2,6
1353,502,2022-01-17 19:39:12,2,6
1354,476,2022-01-19 16:15:44,1,3
1355,1010,2022-01-19 17:30:39,2,7
1356,116,2022-01-19 18:29:12,1,2
1357,440,2022-01-20 16:38:56,2,5
1358,253,2022-01-21 18:43:03,1,1
1359,1008,2022-01-21 17:00:52,3,9
1360,71,2022-01-22 12:50:43,2,6
1361,1084,2022-01-22 19:00:19,2,7
1362,310,2022-01-23 13:04:22,2,6
1363,860,2022-01-24 18:49:20,2,5
1364,122,2022-01-25 18:32:07,2,6
1365,689,2022-01-25 10:55:03,2,7
1366,1441,2022-01-26 18:25:54,2,6
1367,1118,2022-01-27 18:15:06,1,3
1368,765,2022-01-27 16:22:41,2,5
1369,92,2022-01-28 16:12:39,2,6
1370,115,2022-01-28 16:13:44,2,7
1371,937,2022-01-29 16:15:33,2,5
1372,1013,2022-01-29 18:23:14,2,6
1373,427,2022-01-29 16:07:18,3,9
1374,1330,2022-01-30 18:32:45,1,4
1375,312,2022-01-30 10:55:14,3,8
1376,118,2022-02-01 19:21:54,1,4
1377,1007,2022-02-01 15:06:50,2,7
1378,983,2022-02-02 19:46:07,1,2
1379,1256,2022-02-02 17:12:20,2,6
1380,818,2022-02-05 12:12:39,1,3
1381,680,2022-02-05 18:26:17,2,7
1382,1303,2022-02-06 19:39:59,2,6
1383,488,2022-02-07 17:35:35,1,3
1384,1126,2022-02-08 13:28:49,2,5
1385,866,2022-02-08 13:53:55,3,9
1386,1254,2022-02-09 16:00:47,1,2
1387,11,2022-02-09 10:28:20,2,7
1388,323,2022-02-09 19:56:52,2,7
1389,491,2022-02-11 11:14:39,2,5
1390,63,2022-02-12 19:32:16,2,7
1391,914,2022-02-13 09:45:38,2,5
1392,1187,2022-02-13 19:16:28,2,6
1393,547,2022-02-14 18:54:17,2,5
1394,906,2022-02-14 16:31:30,3,8
1395,1052,2022-02-15 16:08:28,1,4
1396,856,2022-02-15 19:26:23,2,7
1397,920,2022-02-15 19:10:48,2,6
1398,1383,2022-02-16 16:48:21,1,1
1399,146,2022-02-16 19:46:17,2,6
1400,987,2022-02-17 19:08:35,2,5
1401,15,2022-02-18 14:37:18,2,7
1402,117,2022-02-19 19:25:35,1,5
1403,452,2022-02-21 14:21:12,2,7
1404,1240,2022-02-23 18:39:12,1,3
1405,100,2022-02-25 19:18:29,2,6
1406,1053,2022-02-25 14:50:56,2,7
1407,18,2022-02-26 15:51:33,2,6
1408,1172,2022-02-26 18:30:21,2,6
1409,213,2022-02-26 20:41:18,3,10
1410,1005,2022-02-27 19:13:24,2,5
1411,109,2022-03-01 19:47:53,1,2
1412,1043,2022-03-01 17:02:25,2,7
1413,56,2022-03-01 17:43:01,3,8
1414,293,2022-03-03 19:40:31,2,7
1415,839,2022-03-03 17:52:50,2,5
1416,566,2022-03-03 18:34:00,3,9
1417,300,2022-03-04 16:17:26,1,1
1418,364,2022-03-04 19:29:53,2,6
1419,474,2022-03-04 14:58:03,2,6
1420,838,2022-03-04 18:47:58,2,7
1421,1176,2022-03-05 14:06:53,2,7
1422,599,2022-03-05 16:40:25,3,8
1423,1231,2022-03-06 18:18:40,1,2
1424,1445,2022-03-07 20:56:29,1,2
1425,126,2022-03-07 19:36:23,2,6
1426,938,2022-03-07 19:41:21,2,5
1427,999,2022-03-07 15:38:02,2,6
1428,195,2022-03-08 17:53:47,2,7
1429,1116,2022-03-08 19:12:36,2,5
1430,1239,2022-03-10 17:48:05,2,7
1431,308,2022-03-11 18:26:54,2,6
1432,483,2022-03-11 14:01:26,2,6
1433,1142,2022-03-11 19:33:57,2,7
1434,595,2022-03-14 10:26:52,2,6
1435,744,2022-03-14 15:33:35,2,5
1436,1044,2022-03-14 18:29:06,2,6
1437,518,2022-03-15 17:23:45,1,4
1438,263,2022-03-15 19:08:28,2,6
1439,463,2022-03-15 10:48:03,2,7
1440,859,2022-03-15 19:28:21,3,8
1441,982,2022-03-15 16:45:21,3,9
1442,478,2022-03-16 16:22:56,2,7
1443,972,2022-03-16 18:56:59,2,5
1444,1154,2022-03-16 16:30:52,2,6
1445,515,2022-03-17 17:44:10,2,7
1446,820,2022-03-17 18:31:12,2,6
1447,1419,2022-03-18 18:41:24,1,3
1448,228,2022-03-18 17:42:48,2,6
1449,330,2022-03-18 17:33:29,2,7
1450,296,2022-03-19 15:00:48,2,7
1451,822,2022-03-19 14:41:42,2,6
1452,287,2022-03-20 19:26:42,1,3
1453,601,2022-03-20 18:52:50,1,3
1454,395,2022-03-20 13:14:08,2,5
1455,405,2022-03-20 17:43:07,2,6
1456,754,2022-03-20 17:28:01,2,7
1457,1411,2022-03-20 17:26:24,2,6
1458,1029,2022-03-20 17:51:21,3,10
1459,92,2022-03-21 19:11:56,1,7
1460,1131,2022-03-21 12:59:54,2,7
1461,139,2022-03-22 19:11:20,2,6
1462,1101,2022-03-22 18:34:23,2,6
1463,692,2022-03-23 17:03:14,2,5
1464,1279,2022-03-24 17:19:03,2,7
1465,623,2022-03-25 19:45:10,2,7
1466,738,2022-03-26 18:05:38,1,3
1467,152,2022-03-26 16:48:51,2,5
1468,31,2022-03-27 15:46:08,1,2
1469,1135,2022-03-27 17:09:14,3,8
1470,505,2022-03-28 16:59:00,2,7
1471,1310,2022-03-28 13:35:06,2,7
1472,114,2022-03-29 19:13:42,2,5
1473,302,2022-03-30 16:55:39,1,2
1474,816,2022-03-30 18:18:26,1,3
1475,112,2022-03-30 16:56:17,2,6
1476,35,2022-03-31 14:39:17,2,7
1477,180,2022-03-31 16:31:05,2,6
1478,392,2022-03-31 17:25:31,2,6
1479,23,2022-04-01 13:45:32,2,7
1480,27,2022-04-01 18:35:32,2,7
1481,62,2022-04-01 13:40:19,2,6
1482,94,2022-04-01 15:59:03,2,5
1483,15,2022-04-02 19:26:52,2,7
1484,35,2022-04-02 09:24:46,2,6
1485,51,2022-04-02 17:56:22,2,7
1486,84,2022-04-02 18:38:21,2,5
1487,33,2022-04-03 14:08:09,1,1
1488,181,2022-04-03 17:13:40,1,4
1489,194,2022-04-03 18:03:00,1,3
1490,217,2022-04-03 18:33:36,1,4
1491,82,2022-04-04 20:00:42,1,3
1492,41,2022-04-04 19:45:24,2,7
1493,64,2022-04-04 18:05:37,3,8
1494,69,2022-04-05 19:08:00,1,3
1495,86,2022-04-05 17:59:47,2,7
1496,3,2022-04-06 13:24:20,1,1
1497,31,2022-04-06 16:36:46,1,2
1498,81,2022-04-06 18:05:38,1,4
1499,120,2022-04-06 12:54:13,1,2
1500,151,2022-04-06 18:16:53,1,3
1501,52,2022-04-06 16:29:00,2,6
1502,83,2022-04-06 12:37:51,2,6
1503,208,2022-04-07 18:31:59,1,4
1504,237,2022-04-08 14:13:59,1,2
1505,22,2022-04-08 20:26:00,2,7
1506,75,2022-04-08 17:13:50,2,7
1507,85,2022-04-08 17:40:19,2,6
1508,92,2022-04-08 18:48:44,2,6
1509,21,2022-04-09 10:35:23,3,10
1510,16,2022-04-09 11:49:57,2,5
1511,25,2022-04-09 16:15:24,2,6
1512,68,2022-04-09 16:54:03,3,10
1513,32,2022-04-10 19:24:21,1,1
1514,87,2022-04-10 19:44:44,1,3
1515,6,2022-04-10 20:01:43,1,3
1516,47,2022-04-11 16:03:30,1,4
1517,97,2022-04-11 17:57:00,1,2
1518,175,2022-04-11 12:35:17,1,2
1519,26,2022-04-11 19:34:54,2,7
1520,66,2022-04-11 19:54:46,3,8
1521,53,2022-04-12 18:10:28,1,3
1522,78,2022-04-12 18:30:33,1,3
1523,8,2022-04-12 10:24:34,2,7
1524,37,2022-04-12 16:24:27,2,6
1525,38,2022-04-12 11:38:11,2,7
1526,59,2022-04-12 19:24:16,2,7
1527,133,2022-04-12 19:27:11,2,9
1528,20,2022-04-12 15:32:00,3,8
1529,50,2022-04-12 16:51:52,3,10
1530,110,2022-04-13 11:11:33,1,2
1531,233,2022-04-13 19:08:03,1,2
1532,7,2022-04-13 16:29:53,2,5
1533,28,2022-04-13 17:12:34,2,6
1534,18,2022-04-14 17:34:11,2,7
1535,19,2022-04-14 18:15:09,2,5
1536,34,2022-04-14 16:23:58,2,5
1537,36,2022-04-15 18:57:28,2,6
1538,79,2022-04-15 17:59:23,2,6
1539,11,2022-04-15 18:33:47,2,6
1540,187,2022-04-16 18:26:14,1,2
1541,10,2022-04-16 17:23:58,2,5
1542,58,2022-04-16 09:42:39,2,6
1543,76,2022-04-16 10:38:43,2,6
1544,5,2022-04-17 16:05:12,1,4
1545,67,2022-04-17 16:34:34,1,3
1546,91,2022-04-17 18:33:59,1,1
1547,169,2022-04-17 17:51:25,1,4
1548,170,2022-04-17 11:55:12,1,4
1549,17,2022-04-17 19:44:07,2,7
1550,39,2022-04-17 09:24:46,2,6
1551,70,2022-04-17 19:37:59,2,5
1552,73,2022-04-17 18:54:37,2,7
1553,30,2022-04-18 13:13:35,1,1
1554,172,2022-04-18 19:46:51,1,4
1555,12,2022-04-18 19:58:27,2,5
1556,42,2022-04-18 17:21:46,2,6
1557,121,2022-04-19 17:37:04,1,3
1558,63,2022-04-19 09:48:29,2,6
1559,42,2022-04-20 17:48:36,2,6
1560,57,2022-04-20 12:35:03,2,7
1561,65,2022-04-20 19:31:51,2,5
1562,88,2022-04-20 17:33:23,2,7
1563,77,2022-04-20 19:51:42,3,9
1564,46,2022-04-21 17:13:16,1,3
1565,60,2022-04-21 12:15:01,1,2
1566,72,2022-04-21 19:57:08,1,3
1567,89,2022-04-21 16:46:10,1,2
1568,192,2022-04-21 17:20:36,1,3
1569,29,2022-04-22 16:46:51,2,5
1570,54,2022-04-22 20:08:27,2,7
1571,80,2022-04-22 16:49:17,2,5
1572,14,2022-04-22 18:08:43,3,9
1573,24,2022-04-23 18:14:46,1,2
1574,124,2022-04-23 12:39:33,1,2
1575,224,2022-04-23 19:52:49,1,3
1576,12,2022-04-23 12:21:23,2,5
1577,48,2022-04-23 18:24:48,2,7
1578,93,2022-04-23 19:08:51,2,5
1579,104,2022-04-24 09:28:16,1,2
1580,191,2022-04-24 16:42:19,1,3
1581,188,2022-04-25 16:50:30,1,2
1582,240,2022-04-25 17:20:12,1,3
1583,44,2022-04-25 19:04:16,2,6
1584,109,2022-04-26 16:39:38,1,3
1585,157,2022-04-26 17:10:21,1,1
1586,176,2022-04-26 18:04:01,1,2
1587,231,2022-04-26 18:45:52,1,2
1588,11,2022-04-26 12:39:14,2,6
1589,40,2022-04-27 16:31:53,1,3
1590,138,2022-04-27 19:07:57,1,3
1591,165,2022-04-27 17:37:05,1,2
1592,6,2022-04-27 17:30:22,2,7
1593,9,2022-04-27 15:02:29,2,5
1594,45,2022-04-28 19:09:05,2,7
1595,71,2022-04-28 16:47:43,2,5
1596,2,2022-04-28 19:07:21,1,3
1597,56,2022-04-28 20:16:56,3,9
1598,239,2022-04-29 11:14:33,1,3
1599,49,2022-04-29 17:42:38,2,7
1600,90,2022-04-29 17:35:44,2,6
1601,43,2022-04-29 18:31:09,3,8
1602,55,2022-04-30 18:18:23,2,5
1603,74,2022-04-30 17:37:59,2,6
1604,7,2022-06-17 16:57:29,2,7
1605,123,2022-07-01 18:39:58,3,8
1606,119,2022-07-10 16:37:52,3,9
1607,33,2022-07-11 20:27:16,1,2
1608,53,2022-07-12 16:50:32,1,1
1609,10,2022-08-23 16:26:02,2,7
1610,15,2022-08-25 18:59:47,2,5
1611,6,2022-09-06 16:56:51,2,7
1612,3,2022-10-21 19:09:10,1,3
1613,1,2022-11-18 18:26:50,2,6
1614,135,2022-11-28 10:53:02,3,8
1615,136,2022-12-28 13:13:05,3,8
