date_key,date_id,full_date,day,month,quarter,year,is_weekend,is_holiday
1,20200101,1/1/2020,1,1,1,2020,0,1
2,20200102,1/2/2020,2,1,1,2020,0,0
3,20200103,1/3/2020,3,1,1,2020,0,0
4,20200104,1/4/2020,4,1,1,2020,1,0
5,20200105,1/5/2020,5,1,1,2020,1,0
6,20200106,1/6/2020,6,1,1,2020,0,0
7,20200107,1/7/2020,7,1,1,2020,0,0
8,20200108,1/8/2020,8,1,1,2020,0,0
9,20200109,1/9/2020,9,1,1,2020,0,0
10,20200110,1/10/2020,10,1,1,2020,0,0
11,20200111,1/11/2020,11,1,1,2020,1,0
12,20200112,1/12/2020,12,1,1,2020,1,0
13,20200113,1/13/2020,13,1,1,2020,0,0
14,20200114,1/14/2020,14,1,1,2020,0,0
15,20200115,1/15/2020,15,1,1,2020,0,0
16,20200116,1/16/2020,16,1,1,2020,0,0
17,20200117,1/17/2020,17,1,1,2020,0,0
18,20200118,1/18/2020,18,1,1,2020,1,0
19,20200119,1/19/2020,19,1,1,2020,1,0
20,20200120,1/20/2020,20,1,1,2020,0,0
21,20200121,1/21/2020,21,1,1,2020,0,0
22,20200122,1/22/2020,22,1,1,2020,0,0
23,20200123,1/23/2020,23,1,1,2020,0,0
24,20200124,1/24/2020,24,1,1,2020,0,0
25,20200125,1/25/2020,25,1,1,2020,1,0
26,20200126,1/26/2020,26,1,1,2020,1,0
27,20200127,1/27/2020,27,1,1,2020,0,0
28,20200128,1/28/2020,28,1,1,2020,0,0
29,20200129,1/29/2020,29,1,1,2020,0,0
30,20200130,1/30/2020,30,1,1,2020,0,0
31,20200131,1/31/2020,31,1,1,2020,0,0
32,20200201,2/1/2020,1,2,1,2020,1,0
33,20200202,2/2/2020,2,2,1,2020,1,0
34,20200203,2/3/2020,3,2,1,2020,0,0
35,20200204,2/4/2020,4,2,1,2020,0,0
36,20200205,2/5/2020,5,2,1,2020,0,0
37,20200206,2/6/2020,6,2,1,2020,0,0
38,20200207,2/7/2020,7,2,1,2020,0,0
39,20200208,2/8/2020,8,2,1,2020,1,0
40,20200209,2/9/2020,9,2,1,2020,1,0
41,20200210,2/10/2020,10,2,1,2020,0,0
42,20200211,2/11/2020,11,2,1,2020,0,0
43,20200212,2/12/2020,12,2,1,2020,0,0
44,20200213,2/13/2020,13,2,1,2020,0,0
45,20200214,2/14/2020,14,2,1,2020,0,0
46,20200215,2/15/2020,15,2,1,2020,1,0
47,20200216,2/16/2020,16,2,1,2020,1,0
48,20200217,2/17/2020,17,2,1,2020,0,0
49,20200218,2/18/2020,18,2,1,2020,0,0
50,20200219,2/19/2020,19,2,1,2020,0,0
51,20200220,2/20/2020,20,2,1,2020,0,0
52,20200221,2/21/2020,21,2,1,2020,0,0
53,20200222,2/22/2020,22,2,1,2020,1,0
54,20200223,2/23/2020,23,2,1,2020,1,0
55,20200224,2/24/2020,24,2,1,2020,0,0
56,20200225,2/25/2020,25,2,1,2020,0,0
57,20200226,2/26/2020,26,2,1,2020,0,0
58,20200227,2/27/2020,27,2,1,2020,0,0
59,20200228,2/28/2020,28,2,1,2020,0,0
60,20200229,2/29/2020,29,2,1,2020,1,0
61,20200301,3/1/2020,1,3,1,2020,1,0
62,20200302,3/2/2020,2,3,1,2020,0,0
63,20200303,3/3/2020,3,3,1,2020,0,0
64,20200304,3/4/2020,4,3,1,2020,0,0
65,20200305,3/5/2020,5,3,1,2020,0,0
66,20200306,3/6/2020,6,3,1,2020,0,0
67,20200307,3/7/2020,7,3,1,2020,1,0
68,20200308,3/8/2020,8,3,1,2020,1,0
69,20200309,3/9/2020,9,3,1,2020,0,0
70,20200310,3/10/2020,10,3,1,2020,0,0
71,20200311,3/11/2020,11,3,1,2020,0,0
72,20200312,3/12/2020,12,3,1,2020,0,0
73,20200313,3/13/2020,13,3,1,2020,0,0
74,20200314,3/14/2020,14,3,1,2020,1,0
75,20200315,3/15/2020,15,3,1,2020,1,0
76,20200316,3/16/2020,16,3,1,2020,0,0
77,20200317,3/17/2020,17,3,1,2020,0,0
78,20200318,3/18/2020,18,3,1,2020,0,0
79,20200319,3/19/2020,19,3,1,2020,0,0
80,20200320,3/20/2020,20,3,1,2020,0,0
81,20200321,3/21/2020,21,3,1,2020,1,0
82,20200322,3/22/2020,22,3,1,2020,1,0
83,20200323,3/23/2020,23,3,1,2020,0,0
84,20200324,3/24/2020,24,3,1,2020,0,0
85,20200325,3/25/2020,25,3,1,2020,0,0
86,20200326,3/26/2020,26,3,1,2020,0,0
87,20200327,3/27/2020,27,3,1,2020,0,0
88,20200328,3/28/2020,28,3,1,2020,1,0
89,20200329,3/29/2020,29,3,1,2020,1,0
90,20200330,3/30/2020,30,3,1,2020,0,0
91,20200331,3/31/2020,31,3,1,2020,0,0
92,20200401,4/1/2020,1,4,2,2020,0,0
93,20200402,4/2/2020,2,4,2,2020,0,0
94,20200403,4/3/2020,3,4,2,2020,0,0
95,20200404,4/4/2020,4,4,2,2020,1,0
96,20200405,4/5/2020,5,4,2,2020,1,0
97,20200406,4/6/2020,6,4,2,2020,0,0
98,20200407,4/7/2020,7,4,2,2020,0,0
99,20200408,4/8/2020,8,4,2,2020,0,0
100,20200409,4/9/2020,9,4,2,2020,0,0
101,20200410,4/10/2020,10,4,2,2020,0,1
102,20200411,4/11/2020,11,4,2,2020,1,0
103,20200412,4/12/2020,12,4,2,2020,1,0
104,20200413,4/13/2020,13,4,2,2020,0,1
105,20200414,4/14/2020,14,4,2,2020,0,0
106,20200415,4/15/2020,15,4,2,2020,0,0
107,20200416,4/16/2020,16,4,2,2020,0,0
108,20200417,4/17/2020,17,4,2,2020,0,0
109,20200418,4/18/2020,18,4,2,2020,1,0
110,20200419,4/19/2020,19,4,2,2020,1,0
111,20200420,4/20/2020,20,4,2,2020,0,0
112,20200421,4/21/2020,21,4,2,2020,0,0
113,20200422,4/22/2020,22,4,2,2020,0,0
114,20200423,4/23/2020,23,4,2,2020,0,0
115,20200424,4/24/2020,24,4,2,2020,0,0
116,20200425,4/25/2020,25,4,2,2020,1,0
117,20200426,4/26/2020,26,4,2,2020,1,0
118,20200427,4/27/2020,27,4,2,2020,0,0
119,20200428,4/28/2020,28,4,2,2020,0,0
120,20200429,4/29/2020,29,4,2,2020,0,0
121,20200430,4/30/2020,30,4,2,2020,0,0
122,20200501,5/1/2020,1,5,2,2020,0,0
123,20200502,5/2/2020,2,5,2,2020,1,0
124,20200503,5/3/2020,3,5,2,2020,1,0
125,20200504,5/4/2020,4,5,2,2020,0,0
126,20200505,5/5/2020,5,5,2,2020,0,0
127,20200506,5/6/2020,6,5,2,2020,0,0
128,20200507,5/7/2020,7,5,2,2020,0,0
129,20200508,5/8/2020,8,5,2,2020,0,1
130,20200509,5/9/2020,9,5,2,2020,1,0
131,20200510,5/10/2020,10,5,2,2020,1,0
132,20200511,5/11/2020,11,5,2,2020,0,0
133,20200512,5/12/2020,12,5,2,2020,0,0
134,20200513,5/13/2020,13,5,2,2020,0,0
135,20200514,5/14/2020,14,5,2,2020,0,0
136,20200515,5/15/2020,15,5,2,2020,0,0
137,20200516,5/16/2020,16,5,2,2020,1,0
138,20200517,5/17/2020,17,5,2,2020,1,0
139,20200518,5/18/2020,18,5,2,2020,0,0
140,20200519,5/19/2020,19,5,2,2020,0,0
141,20200520,5/20/2020,20,5,2,2020,0,0
142,20200521,5/21/2020,21,5,2,2020,0,0
143,20200522,5/22/2020,22,5,2,2020,0,0
144,20200523,5/23/2020,23,5,2,2020,1,0
145,20200524,5/24/2020,24,5,2,2020,1,0
146,20200525,5/25/2020,25,5,2,2020,0,1
147,20200526,5/26/2020,26,5,2,2020,0,0
148,20200527,5/27/2020,27,5,2,2020,0,0
149,20200528,5/28/2020,28,5,2,2020,0,0
150,20200529,5/29/2020,29,5,2,2020,0,0
151,20200530,5/30/2020,30,5,2,2020,1,0
152,20200531,5/31/2020,31,5,2,2020,1,0
153,20200601,6/1/2020,1,6,2,2020,0,0
154,20200602,6/2/2020,2,6,2,2020,0,0
155,20200603,6/3/2020,3,6,2,2020,0,0
156,20200604,6/4/2020,4,6,2,2020,0,0
157,20200605,6/5/2020,5,6,2,2020,0,0
158,20200606,6/6/2020,6,6,2,2020,1,0
159,20200607,6/7/2020,7,6,2,2020,1,0
160,20200608,6/8/2020,8,6,2,2020,0,0
161,20200609,6/9/2020,9,6,2,2020,0,0
162,20200610,6/10/2020,10,6,2,2020,0,0
163,20200611,6/11/2020,11,6,2,2020,0,0
164,20200612,6/12/2020,12,6,2,2020,0,0
165,20200613,6/13/2020,13,6,2,2020,1,0
166,20200614,6/14/2020,14,6,2,2020,1,0
167,20200615,6/15/2020,15,6,2,2020,0,0
168,20200616,6/16/2020,16,6,2,2020,0,0
169,20200617,6/17/2020,17,6,2,2020,0,0
170,20200618,6/18/2020,18,6,2,2020,0,0
171,20200619,6/19/2020,19,6,2,2020,0,0
172,20200620,6/20/2020,20,6,2,2020,1,0
173,20200621,6/21/2020,21,6,2,2020,1,0
174,20200622,6/22/2020,22,6,2,2020,0,0
175,20200623,6/23/2020,23,6,2,2020,0,0
176,20200624,6/24/2020,24,6,2,2020,0,0
177,20200625,6/25/2020,25,6,2,2020,0,0
178,20200626,6/26/2020,26,6,2,2020,0,0
179,20200627,6/27/2020,27,6,2,2020,1,0
180,20200628,6/28/2020,28,6,2,2020,1,0
181,20200629,6/29/2020,29,6,2,2020,0,0
182,20200630,6/30/2020,30,6,2,2020,0,0
183,20200701,7/1/2020,1,7,3,2020,0,0
184,20200702,7/2/2020,2,7,3,2020,0,0
185,20200703,7/3/2020,3,7,3,2020,0,0
186,20200704,7/4/2020,4,7,3,2020,1,0
187,20200705,7/5/2020,5,7,3,2020,1,0
188,20200706,7/6/2020,6,7,3,2020,0,0
189,20200707,7/7/2020,7,7,3,2020,0,0
190,20200708,7/8/2020,8,7,3,2020,0,0
191,20200709,7/9/2020,9,7,3,2020,0,0
192,20200710,7/10/2020,10,7,3,2020,0,0
193,20200711,7/11/2020,11,7,3,2020,1,0
194,20200712,7/12/2020,12,7,3,2020,1,0
195,20200713,7/13/2020,13,7,3,2020,0,0
196,20200714,7/14/2020,14,7,3,2020,0,0
197,20200715,7/15/2020,15,7,3,2020,0,0
198,20200716,7/16/2020,16,7,3,2020,0,0
199,20200717,7/17/2020,17,7,3,2020,0,0
200,20200718,7/18/2020,18,7,3,2020,1,0
201,20200719,7/19/2020,19,7,3,2020,1,0
202,20200720,7/20/2020,20,7,3,2020,0,0
203,20200721,7/21/2020,21,7,3,2020,0,0
204,20200722,7/22/2020,22,7,3,2020,0,0
205,20200723,7/23/2020,23,7,3,2020,0,0
206,20200724,7/24/2020,24,7,3,2020,0,0
207,20200725,7/25/2020,25,7,3,2020,1,0
208,20200726,7/26/2020,26,7,3,2020,1,0
209,20200727,7/27/2020,27,7,3,2020,0,0
210,20200728,7/28/2020,28,7,3,2020,0,0
211,20200729,7/29/2020,29,7,3,2020,0,0
212,20200730,7/30/2020,30,7,3,2020,0,0
213,20200731,7/31/2020,31,7,3,2020,0,0
214,20200801,8/1/2020,1,8,3,2020,1,0
215,20200802,8/2/2020,2,8,3,2020,1,0
216,20200803,8/3/2020,3,8,3,2020,0,0
217,20200804,8/4/2020,4,8,3,2020,0,0
218,20200805,8/5/2020,5,8,3,2020,0,0
219,20200806,8/6/2020,6,8,3,2020,0,0
220,20200807,8/7/2020,7,8,3,2020,0,0
221,20200808,8/8/2020,8,8,3,2020,1,0
222,20200809,8/9/2020,9,8,3,2020,1,0
223,20200810,8/10/2020,10,8,3,2020,0,0
224,20200811,8/11/2020,11,8,3,2020,0,0
225,20200812,8/12/2020,12,8,3,2020,0,0
226,20200813,8/13/2020,13,8,3,2020,0,0
227,20200814,8/14/2020,14,8,3,2020,0,0
228,20200815,8/15/2020,15,8,3,2020,1,0
229,20200816,8/16/2020,16,8,3,2020,1,0
230,20200817,8/17/2020,17,8,3,2020,0,0
231,20200818,8/18/2020,18,8,3,2020,0,0
232,20200819,8/19/2020,19,8,3,2020,0,0
233,20200820,8/20/2020,20,8,3,2020,0,0
234,20200821,8/21/2020,21,8,3,2020,0,0
235,20200822,8/22/2020,22,8,3,2020,1,0
236,20200823,8/23/2020,23,8,3,2020,1,0
237,20200824,8/24/2020,24,8,3,2020,0,0
238,20200825,8/25/2020,25,8,3,2020,0,0
239,20200826,8/26/2020,26,8,3,2020,0,0
240,20200827,8/27/2020,27,8,3,2020,0,0
241,20200828,8/28/2020,28,8,3,2020,0,0
242,20200829,8/29/2020,29,8,3,2020,1,0
243,20200830,8/30/2020,30,8,3,2020,1,0
244,20200831,8/31/2020,31,8,3,2020,0,1
245,20200901,9/1/2020,1,9,3,2020,0,0
246,20200902,9/2/2020,2,9,3,2020,0,0
247,20200903,9/3/2020,3,9,3,2020,0,0
248,20200904,9/4/2020,4,9,3,2020,0,0
249,20200905,9/5/2020,5,9,3,2020,1,0
250,20200906,9/6/2020,6,9,3,2020,1,0
251,20200907,9/7/2020,7,9,3,2020,0,0
252,20200908,9/8/2020,8,9,3,2020,0,0
253,20200909,9/9/2020,9,9,3,2020,0,0
254,20200910,9/10/2020,10,9,3,2020,0,0
255,20200911,9/11/2020,11,9,3,2020,0,0
256,20200912,9/12/2020,12,9,3,2020,1,0
257,20200913,9/13/2020,13,9,3,2020,1,0
258,20200914,9/14/2020,14,9,3,2020,0,0
259,20200915,9/15/2020,15,9,3,2020,0,0
260,20200916,9/16/2020,16,9,3,2020,0,0
261,20200917,9/17/2020,17,9,3,2020,0,0
262,20200918,9/18/2020,18,9,3,2020,0,0
263,20200919,9/19/2020,19,9,3,2020,1,0
264,20200920,9/20/2020,20,9,3,2020,1,0
265,20200921,9/21/2020,21,9,3,2020,0,0
266,20200922,9/22/2020,22,9,3,2020,0,0
267,20200923,9/23/2020,23,9,3,2020,0,0
268,20200924,9/24/2020,24,9,3,2020,0,0
269,20200925,9/25/2020,25,9,3,2020,0,0
270,20200926,9/26/2020,26,9,3,2020,1,0
271,20200927,9/27/2020,27,9,3,2020,1,0
272,20200928,9/28/2020,28,9,3,2020,0,0
273,20200929,9/29/2020,29,9,3,2020,0,0
274,20200930,9/30/2020,30,9,3,2020,0,0
275,20201001,10/1/2020,1,10,4,2020,0,0
276,20201002,10/2/2020,2,10,4,2020,0,0
277,20201003,10/3/2020,3,10,4,2020,1,0
278,20201004,10/4/2020,4,10,4,2020,1,0
279,20201005,10/5/2020,5,10,4,2020,0,0
280,20201006,10/6/2020,6,10,4,2020,0,0
281,20201007,10/7/2020,7,10,4,2020,0,0
282,20201008,10/8/2020,8,10,4,2020,0,0
283,20201009,10/9/2020,9,10,4,2020,0,0
284,20201010,10/10/2020,10,10,4,2020,1,0
285,20201011,10/11/2020,11,10,4,2020,1,0
286,20201012,10/12/2020,12,10,4,2020,0,0
287,20201013,10/13/2020,13,10,4,2020,0,0
288,20201014,10/14/2020,14,10,4,2020,0,0
289,20201015,10/15/2020,15,10,4,2020,0,0
290,20201016,10/16/2020,16,10,4,2020,0,0
291,20201017,10/17/2020,17,10,4,2020,1,0
292,20201018,10/18/2020,18,10,4,2020,1,0
293,20201019,10/19/2020,19,10,4,2020,0,0
294,20201020,10/20/2020,20,10,4,2020,0,0
295,20201021,10/21/2020,21,10,4,2020,0,0
296,20201022,10/22/2020,22,10,4,2020,0,0
297,20201023,10/23/2020,23,10,4,2020,0,0
298,20201024,10/24/2020,24,10,4,2020,1,0
299,20201025,10/25/2020,25,10,4,2020,1,0
300,20201026,10/26/2020,26,10,4,2020,0,0
301,20201027,10/27/2020,27,10,4,2020,0,0
302,20201028,10/28/2020,28,10,4,2020,0,0
303,20201029,10/29/2020,29,10,4,2020,0,0
304,20201030,10/30/2020,30,10,4,2020,0,0
305,20201031,10/31/2020,31,10,4,2020,1,0
306,20201101,11/1/2020,1,11,4,2020,1,0
307,20201102,11/2/2020,2,11,4,2020,0,0
308,20201103,11/3/2020,3,11,4,2020,0,0
309,20201104,11/4/2020,4,11,4,2020,0,0
310,20201105,11/5/2020,5,11,4,2020,0,0
311,20201106,11/6/2020,6,11,4,2020,0,0
312,20201107,11/7/2020,7,11,4,2020,1,0
313,20201108,11/8/2020,8,11,4,2020,1,0
314,20201109,11/9/2020,9,11,4,2020,0,0
315,20201110,11/10/2020,10,11,4,2020,0,0
316,20201111,11/11/2020,11,11,4,2020,0,0
317,20201112,11/12/2020,12,11,4,2020,0,0
318,20201113,11/13/2020,13,11,4,2020,0,0
319,20201114,11/14/2020,14,11,4,2020,1,0
320,20201115,11/15/2020,15,11,4,2020,1,0
321,20201116,11/16/2020,16,11,4,2020,0,0
322,20201117,11/17/2020,17,11,4,2020,0,0
323,20201118,11/18/2020,18,11,4,2020,0,0
324,20201119,11/19/2020,19,11,4,2020,0,0
325,20201120,11/20/2020,20,11,4,2020,0,0
326,20201121,11/21/2020,21,11,4,2020,1,0
327,20201122,11/22/2020,22,11,4,2020,1,0
328,20201123,11/23/2020,23,11,4,2020,0,0
329,20201124,11/24/2020,24,11,4,2020,0,0
330,20201125,11/25/2020,25,11,4,2020,0,0
331,20201126,11/26/2020,26,11,4,2020,0,0
332,20201127,11/27/2020,27,11,4,2020,0,0
333,20201128,11/28/2020,28,11,4,2020,1,0
334,20201129,11/29/2020,29,11,4,2020,1,0
335,20201130,11/30/2020,30,11,4,2020,0,0
336,20201201,12/1/2020,1,12,4,2020,0,0
337,20201202,12/2/2020,2,12,4,2020,0,0
338,20201203,12/3/2020,3,12,4,2020,0,0
339,20201204,12/4/2020,4,12,4,2020,0,0
340,20201205,12/5/2020,5,12,4,2020,1,0
341,20201206,12/6/2020,6,12,4,2020,1,0
342,20201207,12/7/2020,7,12,4,2020,0,0
343,20201208,12/8/2020,8,12,4,2020,0,0
344,20201209,12/9/2020,9,12,4,2020,0,0
345,20201210,12/10/2020,10,12,4,2020,0,0
346,20201211,12/11/2020,11,12,4,2020,0,0
347,20201212,12/12/2020,12,12,4,2020,1,0
348,20201213,12/13/2020,13,12,4,2020,1,0
349,20201214,12/14/2020,14,12,4,2020,0,0
350,20201215,12/15/2020,15,12,4,2020,0,0
351,20201216,12/16/2020,16,12,4,2020,0,0
352,20201217,12/17/2020,17,12,4,2020,0,0
353,20201218,12/18/2020,18,12,4,2020,0,0
354,20201219,12/19/2020,19,12,4,2020,1,0
355,20201220,12/20/2020,20,12,4,2020,1,0
356,20201221,12/21/2020,21,12,4,2020,0,0
357,20201222,12/22/2020,22,12,4,2020,0,0
358,20201223,12/23/2020,23,12,4,2020,0,0
359,20201224,12/24/2020,24,12,4,2020,0,0
360,20201225,12/25/2020,25,12,4,2020,0,1
361,20201226,12/26/2020,26,12,4,2020,1,0
362,20201227,12/27/2020,27,12,4,2020,1,0
363,20201228,12/28/2020,28,12,4,2020,0,1
364,20201229,12/29/2020,29,12,4,2020,0,0
365,20201230,12/30/2020,30,12,4,2020,0,0
366,20201231,12/31/2020,31,12,4,2020,0,0
367,20210101,1/1/2021,1,1,1,2021,0,1
368,20210102,1/2/2021,2,1,1,2021,1,0
369,20210103,1/3/2021,3,1,1,2021,1,0
370,20210104,1/4/2021,4,1,1,2021,0,0
371,20210105,1/5/2021,5,1,1,2021,0,0
372,20210106,1/6/2021,6,1,1,2021,0,0
373,20210107,1/7/2021,7,1,1,2021,0,0
374,20210108,1/8/2021,8,1,1,2021,0,0
375,20210109,1/9/2021,9,1,1,2021,1,0
376,20210110,1/10/2021,10,1,1,2021,1,0
377,20210111,1/11/2021,11,1,1,2021,0,0
378,20210112,1/12/2021,12,1,1,2021,0,0
379,20210113,1/13/2021,13,1,1,2021,0,0
380,20210114,1/14/2021,14,1,1,2021,0,0
381,20210115,1/15/2021,15,1,1,2021,0,0
382,20210116,1/16/2021,16,1,1,2021,1,0
383,20210117,1/17/2021,17,1,1,2021,1,0
384,20210118,1/18/2021,18,1,1,2021,0,0
385,20210119,1/19/2021,19,1,1,2021,0,0
386,20210120,1/20/2021,20,1,1,2021,0,0
387,20210121,1/21/2021,21,1,1,2021,0,0
388,20210122,1/22/2021,22,1,1,2021,0,0
389,20210123,1/23/2021,23,1,1,2021,1,0
390,20210124,1/24/2021,24,1,1,2021,1,0
391,20210125,1/25/2021,25,1,1,2021,0,0
392,20210126,1/26/2021,26,1,1,2021,0,0
393,20210127,1/27/2021,27,1,1,2021,0,0
394,20210128,1/28/2021,28,1,1,2021,0,0
395,20210129,1/29/2021,29,1,1,2021,0,0
396,20210130,1/30/2021,30,1,1,2021,1,0
397,20210131,1/31/2021,31,1,1,2021,1,0
398,20210201,2/1/2021,1,2,1,2021,0,0
399,20210202,2/2/2021,2,2,1,2021,0,0
400,20210203,2/3/2021,3,2,1,2021,0,0
401,20210204,2/4/2021,4,2,1,2021,0,0
402,20210205,2/5/2021,5,2,1,2021,0,0
403,20210206,2/6/2021,6,2,1,2021,1,0
404,20210207,2/7/2021,7,2,1,2021,1,0
405,20210208,2/8/2021,8,2,1,2021,0,0
406,20210209,2/9/2021,9,2,1,2021,0,0
407,20210210,2/10/2021,10,2,1,2021,0,0
408,20210211,2/11/2021,11,2,1,2021,0,0
409,20210212,2/12/2021,12,2,1,2021,0,0
410,20210213,2/13/2021,13,2,1,2021,1,0
411,20210214,2/14/2021,14,2,1,2021,1,0
412,20210215,2/15/2021,15,2,1,2021,0,0
413,20210216,2/16/2021,16,2,1,2021,0,0
414,20210217,2/17/2021,17,2,1,2021,0,0
415,20210218,2/18/2021,18,2,1,2021,0,0
416,20210219,2/19/2021,19,2,1,2021,0,0
417,20210220,2/20/2021,20,2,1,2021,1,0
418,20210221,2/21/2021,21,2,1,2021,1,0
419,20210222,2/22/2021,22,2,1,2021,0,0
420,20210223,2/23/2021,23,2,1,2021,0,0
421,20210224,2/24/2021,24,2,1,2021,0,0
422,20210225,2/25/2021,25,2,1,2021,0,0
423,20210226,2/26/2021,26,2,1,2021,0,0
424,20210227,2/27/2021,27,2,1,2021,1,0
425,20210228,2/28/2021,28,2,1,2021,1,0
426,20210301,3/1/2021,1,3,1,2021,0,0
427,20210302,3/2/2021,2,3,1,2021,0,0
428,20210303,3/3/2021,3,3,1,2021,0,0
429,20210304,3/4/2021,4,3,1,2021,0,0
430,20210305,3/5/2021,5,3,1,2021,0,0
431,20210306,3/6/2021,6,3,1,2021,1,0
432,20210307,3/7/2021,7,3,1,2021,1,0
433,20210308,3/8/2021,8,3,1,2021,0,0
434,20210309,3/9/2021,9,3,1,2021,0,0
435,20210310,3/10/2021,10,3,1,2021,0,0
436,20210311,3/11/2021,11,3,1,2021,0,0
437,20210312,3/12/2021,12,3,1,2021,0,0
438,20210313,3/13/2021,13,3,1,2021,1,0
439,20210314,3/14/2021,14,3,1,2021,1,0
440,20210315,3/15/2021,15,3,1,2021,0,0
441,20210316,3/16/2021,16,3,1,2021,0,0
442,20210317,3/17/2021,17,3,1,2021,0,0
443,20210318,3/18/2021,18,3,1,2021,0,0
444,20210319,3/19/2021,19,3,1,2021,0,0
445,20210320,3/20/2021,20,3,1,2021,1,0
446,20210321,3/21/2021,21,3,1,2021,1,0
447,20210322,3/22/2021,22,3,1,2021,0,0
448,20210323,3/23/2021,23,3,1,2021,0,0
449,20210324,3/24/2021,24,3,1,2021,0,0
450,20210325,3/25/2021,25,3,1,2021,0,0
451,20210326,3/26/2021,26,3,1,2021,0,0
452,20210327,3/27/2021,27,3,1,2021,1,0
453,20210328,3/28/2021,28,3,1,2021,1,0
454,20210329,3/29/2021,29,3,1,2021,0,0
455,20210330,3/30/2021,30,3,1,2021,0,0
456,20210331,3/31/2021,31,3,1,2021,0,0
457,20210401,4/1/2021,1,4,2,2021,0,0
458,20210402,4/2/2021,2,4,2,2021,0,1
459,20210403,4/3/2021,3,4,2,2021,1,0
460,20210404,4/4/2021,4,4,2,2021,1,0
461,20210405,4/5/2021,5,4,2,2021,0,1
462,20210406,4/6/2021,6,4,2,2021,0,0
463,20210407,4/7/2021,7,4,2,2021,0,0
464,20210408,4/8/2021,8,4,2,2021,0,0
465,20210409,4/9/2021,9,4,2,2021,0,0
466,20210410,4/10/2021,10,4,2,2021,1,0
467,20210411,4/11/2021,11,4,2,2021,1,0
468,20210412,4/12/2021,12,4,2,2021,0,0
469,20210413,4/13/2021,13,4,2,2021,0,0
470,20210414,4/14/2021,14,4,2,2021,0,0
471,20210415,4/15/2021,15,4,2,2021,0,0
472,20210416,4/16/2021,16,4,2,2021,0,0
473,20210417,4/17/2021,17,4,2,2021,1,0
474,20210418,4/18/2021,18,4,2,2021,1,0
475,20210419,4/19/2021,19,4,2,2021,0,0
476,20210420,4/20/2021,20,4,2,2021,0,0
477,20210421,4/21/2021,21,4,2,2021,0,0
478,20210422,4/22/2021,22,4,2,2021,0,0
479,20210423,4/23/2021,23,4,2,2021,0,0
480,20210424,4/24/2021,24,4,2,2021,1,0
481,20210425,4/25/2021,25,4,2,2021,1,0
482,20210426,4/26/2021,26,4,2,2021,0,0
483,20210427,4/27/2021,27,4,2,2021,0,0
484,20210428,4/28/2021,28,4,2,2021,0,0
485,20210429,4/29/2021,29,4,2,2021,0,0
486,20210430,4/30/2021,30,4,2,2021,0,0
487,20210501,5/1/2021,1,5,2,2021,1,0
488,20210502,5/2/2021,2,5,2,2021,1,0
489,20210503,5/3/2021,3,5,2,2021,0,1
490,20210504,5/4/2021,4,5,2,2021,0,0
491,20210505,5/5/2021,5,5,2,2021,0,0
492,20210506,5/6/2021,6,5,2,2021,0,0
493,20210507,5/7/2021,7,5,2,2021,0,0
494,20210508,5/8/2021,8,5,2,2021,1,0
495,20210509,5/9/2021,9,5,2,2021,1,0
496,20210510,5/10/2021,10,5,2,2021,0,0
497,20210511,5/11/2021,11,5,2,2021,0,0
498,20210512,5/12/2021,12,5,2,2021,0,0
499,20210513,5/13/2021,13,5,2,2021,0,0
500,20210514,5/14/2021,14,5,2,2021,0,0
501,20210515,5/15/2021,15,5,2,2021,1,0
502,20210516,5/16/2021,16,5,2,2021,1,0
503,20210517,5/17/2021,17,5,2,2021,0,0
504,20210518,5/18/2021,18,5,2,2021,0,0
505,20210519,5/19/2021,19,5,2,2021,0,0
506,20210520,5/20/2021,20,5,2,2021,0,0
507,20210521,5/21/2021,21,5,2,2021,0,0
508,20210522,5/22/2021,22,5,2,2021,1,0
509,20210523,5/23/2021,23,5,2,2021,1,0
510,20210524,5/24/2021,24,5,2,2021,0,0
511,20210525,5/25/2021,25,5,2,2021,0,0
512,20210526,5/26/2021,26,5,2,2021,0,0
513,20210527,5/27/2021,27,5,2,2021,0,0
514,20210528,5/28/2021,28,5,2,2021,0,0
515,20210529,5/29/2021,29,5,2,2021,1,0
516,20210530,5/30/2021,30,5,2,2021,1,0
517,20210531,5/31/2021,31,5,2,2021,0,1
518,20210601,6/1/2021,1,6,2,2021,0,0
519,20210602,6/2/2021,2,6,2,2021,0,0
520,20210603,6/3/2021,3,6,2,2021,0,0
521,20210604,6/4/2021,4,6,2,2021,0,0
522,20210605,6/5/2021,5,6,2,2021,1,0
523,20210606,6/6/2021,6,6,2,2021,1,0
524,20210607,6/7/2021,7,6,2,2021,0,0
525,20210608,6/8/2021,8,6,2,2021,0,0
526,20210609,6/9/2021,9,6,2,2021,0,0
527,20210610,6/10/2021,10,6,2,2021,0,0
528,20210611,6/11/2021,11,6,2,2021,0,0
529,20210612,6/12/2021,12,6,2,2021,1,0
530,20210613,6/13/2021,13,6,2,2021,1,0
531,20210614,6/14/2021,14,6,2,2021,0,0
532,20210615,6/15/2021,15,6,2,2021,0,0
533,20210616,6/16/2021,16,6,2,2021,0,0
534,20210617,6/17/2021,17,6,2,2021,0,0
535,20210618,6/18/2021,18,6,2,2021,0,0
536,20210619,6/19/2021,19,6,2,2021,1,0
537,20210620,6/20/2021,20,6,2,2021,1,0
538,20210621,6/21/2021,21,6,2,2021,0,0
539,20210622,6/22/2021,22,6,2,2021,0,0
540,20210623,6/23/2021,23,6,2,2021,0,0
541,20210624,6/24/2021,24,6,2,2021,0,0
542,20210625,6/25/2021,25,6,2,2021,0,0
543,20210626,6/26/2021,26,6,2,2021,1,0
544,20210627,6/27/2021,27,6,2,2021,1,0
545,20210628,6/28/2021,28,6,2,2021,0,0
546,20210629,6/29/2021,29,6,2,2021,0,0
547,20210630,6/30/2021,30,6,2,2021,0,0
548,20210701,7/1/2021,1,7,3,2021,0,0
549,20210702,7/2/2021,2,7,3,2021,0,0
550,20210703,7/3/2021,3,7,3,2021,1,0
551,20210704,7/4/2021,4,7,3,2021,1,0
552,20210705,7/5/2021,5,7,3,2021,0,0
553,20210706,7/6/2021,6,7,3,2021,0,0
554,20210707,7/7/2021,7,7,3,2021,0,0
555,20210708,7/8/2021,8,7,3,2021,0,0
556,20210709,7/9/2021,9,7,3,2021,0,0
557,20210710,7/10/2021,10,7,3,2021,1,0
558,20210711,7/11/2021,11,7,3,2021,1,0
559,20210712,7/12/2021,12,7,3,2021,0,0
560,20210713,7/13/2021,13,7,3,2021,0,0
561,20210714,7/14/2021,14,7,3,2021,0,0
562,20210715,7/15/2021,15,7,3,2021,0,0
563,20210716,7/16/2021,16,7,3,2021,0,0
564,20210717,7/17/2021,17,7,3,2021,1,0
565,20210718,7/18/2021,18,7,3,2021,1,0
566,20210719,7/19/2021,19,7,3,2021,0,0
567,20210720,7/20/2021,20,7,3,2021,0,0
568,20210721,7/21/2021,21,7,3,2021,0,0
569,20210722,7/22/2021,22,7,3,2021,0,0
570,20210723,7/23/2021,23,7,3,2021,0,0
571,20210724,7/24/2021,24,7,3,2021,1,0
572,20210725,7/25/2021,25,7,3,2021,1,0
573,20210726,7/26/2021,26,7,3,2021,0,0
574,20210727,7/27/2021,27,7,3,2021,0,0
575,20210728,7/28/2021,28,7,3,2021,0,0
576,20210729,7/29/2021,29,7,3,2021,0,0
577,20210730,7/30/2021,30,7,3,2021,0,0
578,20210731,7/31/2021,31,7,3,2021,1,0
579,20210801,8/1/2021,1,8,3,2021,1,0
580,20210802,8/2/2021,2,8,3,2021,0,0
581,20210803,8/3/2021,3,8,3,2021,0,0
582,20210804,8/4/2021,4,8,3,2021,0,0
583,20210805,8/5/2021,5,8,3,2021,0,0
584,20210806,8/6/2021,6,8,3,2021,0,0
585,20210807,8/7/2021,7,8,3,2021,1,0
586,20210808,8/8/2021,8,8,3,2021,1,0
587,20210809,8/9/2021,9,8,3,2021,0,0
588,20210810,8/10/2021,10,8,3,2021,0,0
589,20210811,8/11/2021,11,8,3,2021,0,0
590,20210812,8/12/2021,12,8,3,2021,0,0
591,20210813,8/13/2021,13,8,3,2021,0,0
592,20210814,8/14/2021,14,8,3,2021,1,0
593,20210815,8/15/2021,15,8,3,2021,1,0
594,20210816,8/16/2021,16,8,3,2021,0,0
595,20210817,8/17/2021,17,8,3,2021,0,0
596,20210818,8/18/2021,18,8,3,2021,0,0
597,20210819,8/19/2021,19,8,3,2021,0,0
598,20210820,8/20/2021,20,8,3,2021,0,0
599,20210821,8/21/2021,21,8,3,2021,1,0
600,20210822,8/22/2021,22,8,3,2021,1,0
601,20210823,8/23/2021,23,8,3,2021,0,0
602,20210824,8/24/2021,24,8,3,2021,0,0
603,20210825,8/25/2021,25,8,3,2021,0,0
604,20210826,8/26/2021,26,8,3,2021,0,0
605,20210827,8/27/2021,27,8,3,2021,0,0
606,20210828,8/28/2021,28,8,3,2021,1,0
607,20210829,8/29/2021,29,8,3,2021,1,0
608,20210830,8/30/2021,30,8,3,2021,0,1
609,20210831,8/31/2021,31,8,3,2021,0,0
610,20210901,9/1/2021,1,9,3,2021,0,0
611,20210902,9/2/2021,2,9,3,2021,0,0
612,20210903,9/3/2021,3,9,3,2021,0,0
613,20210904,9/4/2021,4,9,3,2021,1,0
614,20210905,9/5/2021,5,9,3,2021,1,0
615,20210906,9/6/2021,6,9,3,2021,0,0
616,20210907,9/7/2021,7,9,3,2021,0,0
617,20210908,9/8/2021,8,9,3,2021,0,0
618,20210909,9/9/2021,9,9,3,2021,0,0
619,20210910,9/10/2021,10,9,3,2021,0,0
620,20210911,9/11/2021,11,9,3,2021,1,0
621,20210912,9/12/2021,12,9,3,2021,1,0
622,20210913,9/13/2021,13,9,3,2021,0,0
623,20210914,9/14/2021,14,9,3,2021,0,0
624,20210915,9/15/2021,15,9,3,2021,0,0
625,20210916,9/16/2021,16,9,3,2021,0,0
626,20210917,9/17/2021,17,9,3,2021,0,0
627,20210918,9/18/2021,18,9,3,2021,1,0
628,20210919,9/19/2021,19,9,3,2021,1,0
629,20210920,9/20/2021,20,9,3,2021,0,0
630,20210921,9/21/2021,21,9,3,2021,0,0
631,20210922,9/22/2021,22,9,3,2021,0,0
632,20210923,9/23/2021,23,9,3,2021,0,0
633,20210924,9/24/2021,24,9,3,2021,0,0
634,20210925,9/25/2021,25,9,3,2021,1,0
635,20210926,9/26/2021,26,9,3,2021,1,0
636,20210927,9/27/2021,27,9,3,2021,0,0
637,20210928,9/28/2021,28,9,3,2021,0,0
638,20210929,9/29/2021,29,9,3,2021,0,0
639,20210930,9/30/2021,30,9,3,2021,0,0
640,20211001,10/1/2021,1,10,4,2021,0,0
641,20211002,10/2/2021,2,10,4,2021,1,0
642,20211003,10/3/2021,3,10,4,2021,1,0
643,20211004,10/4/2021,4,10,4,2021,0,0
644,20211005,10/5/2021,5,10,4,2021,0,0
645,20211006,10/6/2021,6,10,4,2021,0,0
646,20211007,10/7/2021,7,10,4,2021,0,0
647,20211008,10/8/2021,8,10,4,2021,0,0
648,20211009,10/9/2021,9,10,4,2021,1,0
649,20211010,10/10/2021,10,10,4,2021,1,0
650,20211011,10/11/2021,11,10,4,2021,0,0
651,20211012,10/12/2021,12,10,4,2021,0,0
652,20211013,10/13/2021,13,10,4,2021,0,0
653,20211014,10/14/2021,14,10,4,2021,0,0
654,20211015,10/15/2021,15,10,4,2021,0,0
655,20211016,10/16/2021,16,10,4,2021,1,0
656,20211017,10/17/2021,17,10,4,2021,1,0
657,20211018,10/18/2021,18,10,4,2021,0,0
658,20211019,10/19/2021,19,10,4,2021,0,0
659,20211020,10/20/2021,20,10,4,2021,0,0
660,20211021,10/21/2021,21,10,4,2021,0,0
661,20211022,10/22/2021,22,10,4,2021,0,0
662,20211023,10/23/2021,23,10,4,2021,1,0
663,20211024,10/24/2021,24,10,4,2021,1,0
664,20211025,10/25/2021,25,10,4,2021,0,0
665,20211026,10/26/2021,26,10,4,2021,0,0
666,20211027,10/27/2021,27,10,4,2021,0,0
667,20211028,10/28/2021,28,10,4,2021,0,0
668,20211029,10/29/2021,29,10,4,2021,0,0
669,20211030,10/30/2021,30,10,4,2021,1,0
670,20211031,10/31/2021,31,10,4,2021,1,0
671,20211101,11/1/2021,1,11,4,2021,0,0
672,20211102,11/2/2021,2,11,4,2021,0,0
673,20211103,11/3/2021,3,11,4,2021,0,0
674,20211104,11/4/2021,4,11,4,2021,0,0
675,20211105,11/5/2021,5,11,4,2021,0,0
676,20211106,11/6/2021,6,11,4,2021,1,0
677,20211107,11/7/2021,7,11,4,2021,1,0
678,20211108,11/8/2021,8,11,4,2021,0,0
679,20211109,11/9/2021,9,11,4,2021,0,0
680,20211110,11/10/2021,10,11,4,2021,0,0
681,20211111,11/11/2021,11,11,4,2021,0,0
682,20211112,11/12/2021,12,11,4,2021,0,0
683,20211113,11/13/2021,13,11,4,2021,1,0
684,20211114,11/14/2021,14,11,4,2021,1,0
685,20211115,11/15/2021,15,11,4,2021,0,0
686,20211116,11/16/2021,16,11,4,2021,0,0
687,20211117,11/17/2021,17,11,4,2021,0,0
688,20211118,11/18/2021,18,11,4,2021,0,0
689,20211119,11/19/2021,19,11,4,2021,0,0
690,20211120,11/20/2021,20,11,4,2021,1,0
691,20211121,11/21/2021,21,11,4,2021,1,0
692,20211122,11/22/2021,22,11,4,2021,0,0
693,20211123,11/23/2021,23,11,4,2021,0,0
694,20211124,11/24/2021,24,11,4,2021,0,0
695,20211125,11/25/2021,25,11,4,2021,0,0
696,20211126,11/26/2021,26,11,4,2021,0,0
697,20211127,11/27/2021,27,11,4,2021,1,0
698,20211128,11/28/2021,28,11,4,2021,1,0
699,20211129,11/29/2021,29,11,4,2021,0,0
700,20211130,11/30/2021,30,11,4,2021,0,0
701,20211201,12/1/2021,1,12,4,2021,0,0
702,20211202,12/2/2021,2,12,4,2021,0,0
703,20211203,12/3/2021,3,12,4,2021,0,0
704,20211204,12/4/2021,4,12,4,2021,1,0
705,20211205,12/5/2021,5,12,4,2021,1,0
706,20211206,12/6/2021,6,12,4,2021,0,0
707,20211207,12/7/2021,7,12,4,2021,0,0
708,20211208,12/8/2021,8,12,4,2021,0,0
709,20211209,12/9/2021,9,12,4,2021,0,0
710,20211210,12/10/2021,10,12,4,2021,0,0
711,20211211,12/11/2021,11,12,4,2021,1,0
712,20211212,12/12/2021,12,12,4,2021,1,0
713,20211213,12/13/2021,13,12,4,2021,0,0
714,20211214,12/14/2021,14,12,4,2021,0,0
715,20211215,12/15/2021,15,12,4,2021,0,0
716,20211216,12/16/2021,16,12,4,2021,0,0
717,20211217,12/17/2021,17,12,4,2021,0,0
718,20211218,12/18/2021,18,12,4,2021,1,0
719,20211219,12/19/2021,19,12,4,2021,1,0
720,20211220,12/20/2021,20,12,4,2021,0,0
721,20211221,12/21/2021,21,12,4,2021,0,0
722,20211222,12/22/2021,22,12,4,2021,0,0
723,20211223,12/23/2021,23,12,4,2021,0,0
724,20211224,12/24/2021,24,12,4,2021,0,0
725,20211225,12/25/2021,25,12,4,2021,1,0
726,20211226,12/26/2021,26,12,4,2021,1,0
727,20211227,12/27/2021,27,12,4,2021,0,1
728,20211228,12/28/2021,28,12,4,2021,0,1
729,20211229,12/29/2021,29,12,4,2021,0,0
730,20211230,12/30/2021,30,12,4,2021,0,0
731,20211231,12/31/2021,31,12,4,2021,0,0
732,20220101,1/1/2022,1,1,1,2022,1,0
733,20220102,1/2/2022,2,1,1,2022,1,0
734,20220103,1/3/2022,3,1,1,2022,0,1
735,20220104,1/4/2022,4,1,1,2022,0,0
736,20220105,1/5/2022,5,1,1,2022,0,0
737,20220106,1/6/2022,6,1,1,2022,0,0
738,20220107,1/7/2022,7,1,1,2022,0,0
739,20220108,1/8/2022,8,1,1,2022,1,0
740,20220109,1/9/2022,9,1,1,2022,1,0
741,20220110,1/10/2022,10,1,1,2022,0,0
742,20220111,1/11/2022,11,1,1,2022,0,0
743,20220112,1/12/2022,12,1,1,2022,0,0
744,20220113,1/13/2022,13,1,1,2022,0,0
745,20220114,1/14/2022,14,1,1,2022,0,0
746,20220115,1/15/2022,15,1,1,2022,1,0
747,20220116,1/16/2022,16,1,1,2022,1,0
748,20220117,1/17/2022,17,1,1,2022,0,0
749,20220118,1/18/2022,18,1,1,2022,0,0
750,20220119,1/19/2022,19,1,1,2022,0,0
751,20220120,1/20/2022,20,1,1,2022,0,0
752,20220121,1/21/2022,21,1,1,2022,0,0
753,20220122,1/22/2022,22,1,1,2022,1,0
754,20220123,1/23/2022,23,1,1,2022,1,0
755,20220124,1/24/2022,24,1,1,2022,0,0
756,20220125,1/25/2022,25,1,1,2022,0,0
757,20220126,1/26/2022,26,1,1,2022,0,0
758,20220127,1/27/2022,27,1,1,2022,0,0
759,20220128,1/28/2022,28,1,1,2022,0,0
760,20220129,1/29/2022,29,1,1,2022,1,0
761,20220130,1/30/2022,30,1,1,2022,1,0
762,20220131,1/31/2022,31,1,1,2022,0,0
763,20220201,2/1/2022,1,2,1,2022,0,0
764,20220202,2/2/2022,2,2,1,2022,0,0
765,20220203,2/3/2022,3,2,1,2022,0,0
766,20220204,2/4/2022,4,2,1,2022,0,0
767,20220205,2/5/2022,5,2,1,2022,1,0
768,20220206,2/6/2022,6,2,1,2022,1,0
769,20220207,2/7/2022,7,2,1,2022,0,0
770,20220208,2/8/2022,8,2,1,2022,0,0
771,20220209,2/9/2022,9,2,1,2022,0,0
772,20220210,2/10/2022,10,2,1,2022,0,0
773,20220211,2/11/2022,11,2,1,2022,0,0
774,20220212,2/12/2022,12,2,1,2022,1,0
775,20220213,2/13/2022,13,2,1,2022,1,0
776,20220214,2/14/2022,14,2,1,2022,0,0
777,20220215,2/15/2022,15,2,1,2022,0,0
778,20220216,2/16/2022,16,2,1,2022,0,0
779,20220217,2/17/2022,17,2,1,2022,0,0
780,20220218,2/18/2022,18,2,1,2022,0,0
781,20220219,2/19/2022,19,2,1,2022,1,0
782,20220220,2/20/2022,20,2,1,2022,1,0
783,20220221,2/21/2022,21,2,1,2022,0,0
784,20220222,2/22/2022,22,2,1,2022,0,0
785,20220223,2/23/2022,23,2,1,2022,0,0
786,20220224,2/24/2022,24,2,1,2022,0,0
787,20220225,2/25/2022,25,2,1,2022,0,0
788,20220226,2/26/2022,26,2,1,2022,1,0
789,20220227,2/27/2022,27,2,1,2022,1,0
790,20220228,2/28/2022,28,2,1,2022,0,0
791,20220301,3/1/2022,1,3,1,2022,0,0
792,20220302,3/2/2022,2,3,1,2022,0,0
793,20220303,3/3/2022,3,3,1,2022,0,0
794,20220304,3/4/2022,4,3,1,2022,0,0
795,20220305,3/5/2022,5,3,1,2022,1,0
796,20220306,3/6/2022,6,3,1,2022,1,0
797,20220307,3/7/2022,7,3,1,2022,0,0
798,20220308,3/8/2022,8,3,1,2022,0,0
799,20220309,3/9/2022,9,3,1,2022,0,0
800,20220310,3/10/2022,10,3,1,2022,0,0
801,20220311,3/11/2022,11,3,1,2022,0,0
802,20220312,3/12/2022,12,3,1,2022,1,0
803,20220313,3/13/2022,13,3,1,2022,1,0
804,20220314,3/14/2022,14,3,1,2022,0,0
805,20220315,3/15/2022,15,3,1,2022,0,0
806,20220316,3/16/2022,16,3,1,2022,0,0
807,20220317,3/17/2022,17,3,1,2022,0,0
808,20220318,3/18/2022,18,3,1,2022,0,0
809,20220319,3/19/2022,19,3,1,2022,1,0
810,20220320,3/20/2022,20,3,1,2022,1,0
811,20220321,3/21/2022,21,3,1,2022,0,0
812,20220322,3/22/2022,22,3,1,2022,0,0
813,20220323,3/23/2022,23,3,1,2022,0,0
814,20220324,3/24/2022,24,3,1,2022,0,0
815,20220325,3/25/2022,25,3,1,2022,0,0
816,20220326,3/26/2022,26,3,1,2022,1,0
817,20220327,3/27/2022,27,3,1,2022,1,0
818,20220328,3/28/2022,28,3,1,2022,0,0
819,20220329,3/29/2022,29,3,1,2022,0,0
820,20220330,3/30/2022,30,3,1,2022,0,0
821,20220331,3/31/2022,31,3,1,2022,0,0
822,20220401,4/1/2022,1,4,2,2022,0,0
823,20220402,4/2/2022,2,4,2,2022,1,0
824,20220403,4/3/2022,3,4,2,2022,1,0
825,20220404,4/4/2022,4,4,2,2022,0,0
826,20220405,4/5/2022,5,4,2,2022,0,0
827,20220406,4/6/2022,6,4,2,2022,0,0
828,20220407,4/7/2022,7,4,2,2022,0,0
829,20220408,4/8/2022,8,4,2,2022,0,0
830,20220409,4/9/2022,9,4,2,2022,1,0
831,20220410,4/10/2022,10,4,2,2022,1,0
832,20220411,4/11/2022,11,4,2,2022,0,0
833,20220412,4/12/2022,12,4,2,2022,0,0
834,20220413,4/13/2022,13,4,2,2022,0,0
835,20220414,4/14/2022,14,4,2,2022,0,0
836,20220415,4/15/2022,15,4,2,2022,0,1
837,20220416,4/16/2022,16,4,2,2022,1,0
838,20220417,4/17/2022,17,4,2,2022,1,0
839,20220418,4/18/2022,18,4,2,2022,0,1
840,20220419,4/19/2022,19,4,2,2022,0,0
841,20220420,4/20/2022,20,4,2,2022,0,0
842,20220421,4/21/2022,21,4,2,2022,0,0
843,20220422,4/22/2022,22,4,2,2022,0,0
844,20220423,4/23/2022,23,4,2,2022,1,0
845,20220424,4/24/2022,24,4,2,2022,1,0
846,20220425,4/25/2022,25,4,2,2022,0,0
847,20220426,4/26/2022,26,4,2,2022,0,0
848,20220427,4/27/2022,27,4,2,2022,0,0
849,20220428,4/28/2022,28,4,2,2022,0,0
850,20220429,4/29/2022,29,4,2,2022,0,0
851,20220430,4/30/2022,30,4,2,2022,1,0
852,20220501,5/1/2022,1,5,2,2022,1,0
853,20220502,5/2/2022,2,5,2,2022,0,1
854,20220503,5/3/2022,3,5,2,2022,0,0
855,20220504,5/4/2022,4,5,2,2022,0,0
856,20220505,5/5/2022,5,5,2,2022,0,0
857,20220506,5/6/2022,6,5,2,2022,0,0
858,20220507,5/7/2022,7,5,2,2022,1,0
859,20220508,5/8/2022,8,5,2,2022,1,0
860,20220509,5/9/2022,9,5,2,2022,0,0
861,20220510,5/10/2022,10,5,2,2022,0,0
862,20220511,5/11/2022,11,5,2,2022,0,0
863,20220512,5/12/2022,12,5,2,2022,0,0
864,20220513,5/13/2022,13,5,2,2022,0,0
865,20220514,5/14/2022,14,5,2,2022,1,0
866,20220515,5/15/2022,15,5,2,2022,1,0
867,20220516,5/16/2022,16,5,2,2022,0,0
868,20220517,5/17/2022,17,5,2,2022,0,0
869,20220518,5/18/2022,18,5,2,2022,0,0
870,20220519,5/19/2022,19,5,2,2022,0,0
871,20220520,5/20/2022,20,5,2,2022,0,0
872,20220521,5/21/2022,21,5,2,2022,1,0
873,20220522,5/22/2022,22,5,2,2022,1,0
874,20220523,5/23/2022,23,5,2,2022,0,0
875,20220524,5/24/2022,24,5,2,2022,0,0
876,20220525,5/25/2022,25,5,2,2022,0,0
877,20220526,5/26/2022,26,5,2,2022,0,0
878,20220527,5/27/2022,27,5,2,2022,0,0
879,20220528,5/28/2022,28,5,2,2022,1,0
880,20220529,5/29/2022,29,5,2,2022,1,0
881,20220530,5/30/2022,30,5,2,2022,0,0
882,20220531,5/31/2022,31,5,2,2022,0,0
883,20220601,6/1/2022,1,6,2,2022,0,0
884,20220602,6/2/2022,2,6,2,2022,0,1
885,20220603,6/3/2022,3,6,2,2022,0,1
886,20220604,6/4/2022,4,6,2,2022,1,0
887,20220605,6/5/2022,5,6,2,2022,1,0
888,20220606,6/6/2022,6,6,2,2022,0,0
889,20220607,6/7/2022,7,6,2,2022,0,0
890,20220608,6/8/2022,8,6,2,2022,0,0
891,20220609,6/9/2022,9,6,2,2022,0,0
892,20220610,6/10/2022,10,6,2,2022,0,0
893,20220611,6/11/2022,11,6,2,2022,1,0
894,20220612,6/12/2022,12,6,2,2022,1,0
895,20220613,6/13/2022,13,6,2,2022,0,0
896,20220614,6/14/2022,14,6,2,2022,0,0
897,20220615,6/15/2022,15,6,2,2022,0,0
898,20220616,6/16/2022,16,6,2,2022,0,0
899,20220617,6/17/2022,17,6,2,2022,0,0
900,20220618,6/18/2022,18,6,2,2022,1,0
901,20220619,6/19/2022,19,6,2,2022,1,0
902,20220620,6/20/2022,20,6,2,2022,0,0
903,20220621,6/21/2022,21,6,2,2022,0,0
904,20220622,6/22/2022,22,6,2,2022,0,0
905,20220623,6/23/2022,23,6,2,2022,0,0
906,20220624,6/24/2022,24,6,2,2022,0,0
907,20220625,6/25/2022,25,6,2,2022,1,0
908,20220626,6/26/2022,26,6,2,2022,1,0
909,20220627,6/27/2022,27,6,2,2022,0,0
910,20220628,6/28/2022,28,6,2,2022,0,0
911,20220629,6/29/2022,29,6,2,2022,0,0
912,20220630,6/30/2022,30,6,2,2022,0,0
913,20220701,7/1/2022,1,7,3,2022,0,0
914,20220702,7/2/2022,2,7,3,2022,1,0
915,20220703,7/3/2022,3,7,3,2022,1,0
916,20220704,7/4/2022,4,7,3,2022,0,0
917,20220705,7/5/2022,5,7,3,2022,0,0
918,20220706,7/6/2022,6,7,3,2022,0,0
919,20220707,7/7/2022,7,7,3,2022,0,0
920,20220708,7/8/2022,8,7,3,2022,0,0
921,20220709,7/9/2022,9,7,3,2022,1,0
922,20220710,7/10/2022,10,7,3,2022,1,0
923,20220711,7/11/2022,11,7,3,2022,0,0
924,20220712,7/12/2022,12,7,3,2022,0,0
925,20220713,7/13/2022,13,7,3,2022,0,0
926,20220714,7/14/2022,14,7,3,2022,0,0
927,20220715,7/15/2022,15,7,3,2022,0,0
928,20220716,7/16/2022,16,7,3,2022,1,0
929,20220717,7/17/2022,17,7,3,2022,1,0
930,20220718,7/18/2022,18,7,3,2022,0,0
931,20220719,7/19/2022,19,7,3,2022,0,0
932,20220720,7/20/2022,20,7,3,2022,0,0
933,20220721,7/21/2022,21,7,3,2022,0,0
934,20220722,7/22/2022,22,7,3,2022,0,0
935,20220723,7/23/2022,23,7,3,2022,1,0
936,20220724,7/24/2022,24,7,3,2022,1,0
937,20220725,7/25/2022,25,7,3,2022,0,0
938,20220726,7/26/2022,26,7,3,2022,0,0
939,20220727,7/27/2022,27,7,3,2022,0,0
940,20220728,7/28/2022,28,7,3,2022,0,0
941,20220729,7/29/2022,29,7,3,2022,0,0
942,20220730,7/30/2022,30,7,3,2022,1,0
943,20220731,7/31/2022,31,7,3,2022,1,0
944,20220801,8/1/2022,1,8,3,2022,0,0
945,20220802,8/2/2022,2,8,3,2022,0,0
946,20220803,8/3/2022,3,8,3,2022,0,0
947,20220804,8/4/2022,4,8,3,2022,0,0
948,20220805,8/5/2022,5,8,3,2022,0,0
949,20220806,8/6/2022,6,8,3,2022,1,0
950,20220807,8/7/2022,7,8,3,2022,1,0
951,20220808,8/8/2022,8,8,3,2022,0,0
952,20220809,8/9/2022,9,8,3,2022,0,0
953,20220810,8/10/2022,10,8,3,2022,0,0
954,20220811,8/11/2022,11,8,3,2022,0,0
955,20220812,8/12/2022,12,8,3,2022,0,0
956,20220813,8/13/2022,13,8,3,2022,1,0
957,20220814,8/14/2022,14,8,3,2022,1,0
958,20220815,8/15/2022,15,8,3,2022,0,0
959,20220816,8/16/2022,16,8,3,2022,0,0
960,20220817,8/17/2022,17,8,3,2022,0,0
961,20220818,8/18/2022,18,8,3,2022,0,0
962,20220819,8/19/2022,19,8,3,2022,0,0
963,20220820,8/20/2022,20,8,3,2022,1,0
964,20220821,8/21/2022,21,8,3,2022,1,0
965,20220822,8/22/2022,22,8,3,2022,0,0
966,20220823,8/23/2022,23,8,3,2022,0,0
967,20220824,8/24/2022,24,8,3,2022,0,0
968,20220825,8/25/2022,25,8,3,2022,0,0
969,20220826,8/26/2022,26,8,3,2022,0,0
970,20220827,8/27/2022,27,8,3,2022,1,0
971,20220828,8/28/2022,28,8,3,2022,1,0
972,20220829,8/29/2022,29,8,3,2022,0,1
973,20220830,8/30/2022,30,8,3,2022,0,0
974,20220831,8/31/2022,31,8,3,2022,0,0
975,20220901,9/1/2022,1,9,3,2022,0,0
976,20220902,9/2/2022,2,9,3,2022,0,0
977,20220903,9/3/2022,3,9,3,2022,1,0
978,20220904,9/4/2022,4,9,3,2022,1,0
979,20220905,9/5/2022,5,9,3,2022,0,0
980,20220906,9/6/2022,6,9,3,2022,0,0
981,20220907,9/7/2022,7,9,3,2022,0,0
982,20220908,9/8/2022,8,9,3,2022,0,0
983,20220909,9/9/2022,9,9,3,2022,0,0
984,20220910,9/10/2022,10,9,3,2022,1,0
985,20220911,9/11/2022,11,9,3,2022,1,0
986,20220912,9/12/2022,12,9,3,2022,0,0
987,20220913,9/13/2022,13,9,3,2022,0,0
988,20220914,9/14/2022,14,9,3,2022,0,0
989,20220915,9/15/2022,15,9,3,2022,0,0
990,20220916,9/16/2022,16,9,3,2022,0,0
991,20220917,9/17/2022,17,9,3,2022,1,0
992,20220918,9/18/2022,18,9,3,2022,1,0
993,20220919,9/19/2022,19,9,3,2022,0,0
994,20220920,9/20/2022,20,9,3,2022,0,0
995,20220921,9/21/2022,21,9,3,2022,0,0
996,20220922,9/22/2022,22,9,3,2022,0,0
997,20220923,9/23/2022,23,9,3,2022,0,0
998,20220924,9/24/2022,24,9,3,2022,1,0
999,20220925,9/25/2022,25,9,3,2022,1,0
1000,20220926,9/26/2022,26,9,3,2022,0,0
1001,20220927,9/27/2022,27,9,3,2022,0,0
1002,20220928,9/28/2022,28,9,3,2022,0,0
1003,20220929,9/29/2022,29,9,3,2022,0,0
1004,20220930,9/30/2022,30,9,3,2022,0,0
1005,20221001,10/1/2022,1,10,4,2022,1,0
1006,20221002,10/2/2022,2,10,4,2022,1,0
1007,20221003,10/3/2022,3,10,4,2022,0,0
1008,20221004,10/4/2022,4,10,4,2022,0,0
1009,20221005,10/5/2022,5,10,4,2022,0,0
1010,20221006,10/6/2022,6,10,4,2022,0,0
1011,20221007,10/7/2022,7,10,4,2022,0,0
1012,20221008,10/8/2022,8,10,4,2022,1,0
1013,20221009,10/9/2022,9,10,4,2022,1,0
1014,20221010,10/10/2022,10,10,4,2022,0,0
1015,20221011,10/11/2022,11,10,4,2022,0,0
1016,20221012,10/12/2022,12,10,4,2022,0,0
1017,20221013,10/13/2022,13,10,4,2022,0,0
1018,20221014,10/14/2022,14,10,4,2022,0,0
1019,20221015,10/15/2022,15,10,4,2022,1,0
1020,20221016,10/16/2022,16,10,4,2022,1,0
1021,20221017,10/17/2022,17,10,4,2022,0,0
1022,20221018,10/18/2022,18,10,4,2022,0,0
1023,20221019,10/19/2022,19,10,4,2022,0,0
1024,20221020,10/20/2022,20,10,4,2022,0,0
1025,20221021,10/21/2022,21,10,4,2022,0,0
1026,20221022,10/22/2022,22,10,4,2022,1,0
1027,20221023,10/23/2022,23,10,4,2022,1,0
1028,20221024,10/24/2022,24,10,4,2022,0,0
1029,20221025,10/25/2022,25,10,4,2022,0,0
1030,20221026,10/26/2022,26,10,4,2022,0,0
1031,20221027,10/27/2022,27,10,4,2022,0,0
1032,20221028,10/28/2022,28,10,4,2022,0,0
1033,20221029,10/29/2022,29,10,4,2022,1,0
1034,20221030,10/30/2022,30,10,4,2022,1,0
1035,20221031,10/31/2022,31,10,4,2022,0,0
1036,20221101,11/1/2022,1,11,4,2022,0,0
1037,20221102,11/2/2022,2,11,4,2022,0,0
1038,20221103,11/3/2022,3,11,4,2022,0,0
1039,20221104,11/4/2022,4,11,4,2022,0,0
1040,20221105,11/5/2022,5,11,4,2022,1,0
1041,20221106,11/6/2022,6,11,4,2022,1,0
1042,20221107,11/7/2022,7,11,4,2022,0,0
1043,20221108,11/8/2022,8,11,4,2022,0,0
1044,20221109,11/9/2022,9,11,4,2022,0,0
1045,20221110,11/10/2022,10,11,4,2022,0,0
1046,20221111,11/11/2022,11,11,4,2022,0,0
1047,20221112,11/12/2022,12,11,4,2022,1,0
1048,20221113,11/13/2022,13,11,4,2022,1,0
1049,20221114,11/14/2022,14,11,4,2022,0,0
1050,20221115,11/15/2022,15,11,4,2022,0,0
1051,20221116,11/16/2022,16,11,4,2022,0,0
1052,20221117,11/17/2022,17,11,4,2022,0,0
1053,20221118,11/18/2022,18,11,4,2022,0,0
1054,20221119,11/19/2022,19,11,4,2022,1,0
1055,20221120,11/20/2022,20,11,4,2022,1,0
1056,20221121,11/21/2022,21,11,4,2022,0,0
1057,20221122,11/22/2022,22,11,4,2022,0,0
1058,20221123,11/23/2022,23,11,4,2022,0,0
1059,20221124,11/24/2022,24,11,4,2022,0,0
1060,20221125,11/25/2022,25,11,4,2022,0,0
1061,20221126,11/26/2022,26,11,4,2022,1,0
1062,20221127,11/27/2022,27,11,4,2022,1,0
1063,20221128,11/28/2022,28,11,4,2022,0,0
1064,20221129,11/29/2022,29,11,4,2022,0,0
1065,20221130,11/30/2022,30,11,4,2022,0,0
1066,20221201,12/1/2022,1,12,4,2022,0,0
1067,20221202,12/2/2022,2,12,4,2022,0,0
1068,20221203,12/3/2022,3,12,4,2022,1,0
1069,20221204,12/4/2022,4,12,4,2022,1,0
1070,20221205,12/5/2022,5,12,4,2022,0,0
1071,20221206,12/6/2022,6,12,4,2022,0,0
1072,20221207,12/7/2022,7,12,4,2022,0,0
1073,20221208,12/8/2022,8,12,4,2022,0,0
1074,20221209,12/9/2022,9,12,4,2022,0,0
1075,20221210,12/10/2022,10,12,4,2022,1,0
1076,20221211,12/11/2022,11,12,4,2022,1,0
1077,20221212,12/12/2022,12,12,4,2022,0,0
1078,20221213,12/13/2022,13,12,4,2022,0,0
1079,20221214,12/14/2022,14,12,4,2022,0,0
1080,20221215,12/15/2022,15,12,4,2022,0,0
1081,20221216,12/16/2022,16,12,4,2022,0,0
1082,20221217,12/17/2022,17,12,4,2022,1,0
1083,20221218,12/18/2022,18,12,4,2022,1,0
1084,20221219,12/19/2022,19,12,4,2022,0,0
1085,20221220,12/20/2022,20,12,4,2022,0,0
1086,20221221,12/21/2022,21,12,4,2022,0,0
1087,20221222,12/22/2022,22,12,4,2022,0,0
1088,20221223,12/23/2022,23,12,4,2022,0,0
1089,20221224,12/24/2022,24,12,4,2022,1,0
1090,20221225,12/25/2022,25,12,4,2022,1,0
1091,20221226,12/26/2022,26,12,4,2022,0,1
1092,20221227,12/27/2022,27,12,4,2022,0,1
1093,20221228,12/28/2022,28,12,4,2022,0,0
1094,20221229,12/29/2022,29,12,4,2022,0,0
1095,20221230,12/30/2022,30,12,4,2022,0,0
1096,20221231,12/31/2022,31,12,4,2022,1,0
